company/brand,stage,amount,location,what_it_does,funded_year,investors,founded,sector,headquarter,founders,investor,column10
Doubtnut,Series B,30000000.0,,"Doubtnut operates as an e-learning platform that enables users to ask study questions in Physics, Chemistry, and Math.",2021.0,,2016.0,EdTech,Gurugram,"Aditya Shankar, Tanushree Nagori","Omidyar Network, Tencent Holdings",
GTM Buddy,Seed funding,2000000.0,,Just-in-time Sales Enablement Platform,2021.0,,2020.0,Computer Software,Hyderabad,"Sreedhar Peddineni, Santa Thounaojam, Sundar Vellaichamy, Chandramani Tiwary",Stellaris Venture Partners,
Koo,Series B,30000000.0,,Koo App operates as a microblogging app.,2021.0,,2020.0,Social Media,Bangalore,"Aprameya Radhakrishna, Mayank Bidawatka","Balaji Srinivasan, Naval Ravikant",
SimpliContract,Seed funding,1800000.0,,"SimpliContract is an Enterprise SaaS offering, focused on end to end Contract Life-cycle Management.",2021.0,,2020.0,Software,Bangalore,"Guru Venkatesan, Jinaraj PG, Makesh Kumar",Kalaari Capital,
Verzeo,Series A,5000000.0,"Bangalore, Karnataka, India",Verzeo is anAI-focussed edtech startup.,2018.0,Undisclosed,2018.0,Education,Bangalore,,,
Verzeo,Series A,5000000.0,"Bangalore, Karnataka, India",Verzeo is anAI-focussed edtech startup.,2018.0,Undisclosed,2018.0,Education,Bangalore,,,
Eduvanz,Seed funding,500000.0,"Mumbai, Maharashtra, India","Eduvanz is new, innovative finance company, which is completely revolutionizing the student loan market.",2018.0,Undisclosed,2018.0,Financial Services,Mumbai,,,
MergerDomo,,500000.0,,MergerDomo is the one-stop Global OnLine M&A marketplace for Corporate and Business Growth,2021.0,,2018.0,Investment Banking,New Delhi,Hormazd Charna,Nadir B Godrej,
Power Gummies,,1000000.0,,Power Gummies are a team of passionate givers who are dedicated to catering nutritional supplements,2021.0,,2018.0,Nutrition,New Delhi,Divij Bajaj,"Venture Catalysts, 9unicorns",
The ePlane,Seed funding,1000000.0,,"Transforming the mobility landscape using aerial transport. Currently, we build drones for industrial applications",2021.0,,2016.0,Drone,Chennai,"Pranjal Mehta, Satyanarayanan Chakravarthy","Speciale Invest, Farid Ahsan",
MedCords,Seed funding,385439.1597426317,"Pune, Maharashtra, India",Medcords is India’s first holistic healthcare ecosystem on a cloud platform that makes health management easier,2018.0,Undisclosed,2018.0,Healthcare & Life Sciences,Pune,,,
OckyPocky,Seed funding,1000000.0,,OckyPocky is India's 1st interactive English learning app for preschool kids.,2021.0,,2015.0,EdTech,Gurugram,Amit Agrawal,"Sujeet Kumar, SucSEED Indovation Fund",
ProfitWheel,Seed funding,3000000.0,,ProfitWheel's belief is that only a fraction of customers drive the most profitability for a brand - and we want to help increase their high value customer base.,2021.0,,2020.0,Marketing & Advertising,Mumbai,"Vivek Bhargava, Gautam Mehra, Aman Khanna","Netcore Cloud, Vallabh Bhansali, Jimmy Mahtani",
Groww,Series D,83000000.0,,Groww is an investment platform that offers a new way of investing money with stockbroking and direct mutual funds.,2021.0,,2017.0,FinTech,Bangalore,"Harsh Jain, Ishan Bansal, Lalit Keshre, Neeraj Singh","Tiger Global Management, Y Combinator Continuity Fund",
Uable,Seed funding,1000000.0,,Uable offers role based programmes to empower children to explore different domains.,2021.0,,2020.0,EdTech,Bangalore,Saurabh Saxena,"Chiratae Ventures, JAFCO Asia",
Optimized Electrotech,Series A,1800000.0,,"Long distance, multispectral Surveillance Equipment for Defense, Aerospace, Critical Asset Protection",2021.0,,2017.0,Aeorspace,Ahmadabad,"Anil Yekkala, Dharin Shah, Kuldeep Saxena, Purvi Shah, Sandeep Shah",GVFL,
Toothsi,Series B,20000000.0,,India’s first and largest at home smile makeover service using invisible aligners.,2021.0,,2018.0,Health,Mumbai,"Dr Arpi Mehta, Dr Pravin Shetty, Dr Manjul Jain, Dr Anirudh Kale","Eight Roads Ventures, Think Investments, Mankekar Family Office",
Aqgromalin,Seed funding,700000.0,,Aqgormalin is a tech driven farm diversification platform enabling farmers to diversify into Animal Husbandry and Aquaculture.,2021.0,,2018.0,AgriTech,Chennai,"Prasanna Manogaran, Bharani CL",Zephyr Peacock,
Dunzo,Series E,40000000.0,,Dunzo is a hyper-local delivery app that connects users to the nearest delivery partner.,2021.0,,2015.0,Delivery service,Bangalore,"Ankur Aggarwal, Dalvir Suri, Kabeer Biswas, Mukund Jha","Lightbox, Evolvence India Fund",
Grip Invest,Series A,3000000.0,,"Grip offers investment opportunities to invest in physical assets leased to corporates, to earn fixed monthly returns.",2021.0,,2020.0,Financial Services,Gurugram,"Nikhil Aggarwal, Vivek Gulati","Venture Highway, Endiya Partners",
RenewBuy,Series C,45000000.0,,Simplest way to renew car insurance. Get quote and insure car in couple of minutes,2021.0,,2015.0,Insuretech,Gurugram,"Balachander Sekhar, Sandeep Nanda","Lok Capital, IIFL Asset Management",
Vogo Rentals,Series A,1167997.4537655506,"Kormangala, Karnataka, India",Vogo is a dockless scooter rental company in India which lets customers rent scooters for short one way trips.,2018.0,Undisclosed,2018.0,Transportation & Logistics,Kormangala,,,
Heads Up For Tails,Series A,37000000.0,,"A one stop shop for all pet products with paw prints all across India, we design, manufacture and customize stylish",2021.0,,2008.0,Pet care,New Delhi,Rashi Sanon,"Verlinvest, Sequoia Capital India",
EsportsXO,Seed funding,1100000.0,,EsportsXO is an esports tournament management company which offers software to manage tournaments online.,2021.0,,2020.0,Mobile Games,Bangalore,"Utsav Umang, Rohit Raj, Vikas Goel",We Founder Circle,
Pariksha,,1800000.0,,"Pariksha - The Sucess App, India's largest vernacular test preparation company for the mobile 1st internet users of India",2021.0,,2015.0,EdTech,Pune,"Deepak Choudhary, Karanvir Singh Shekhawat, Utkarsh Bagri, Vikram Shekhawat","Venture Catalysts, 9Unicorns Accelerator Fund",
EyeMyEye,Series A,2000000.0,,"Shop the latest Eyeglasses, Sunglasses, Power Sunglasses, Contact Lens and more.",2021.0,,2021.0,Eyewear,Gurugram,Ganesh Iyer,2000000,
WeWork India,,26000000.0,,"Transform buildings into beautiful, collaborative workspaces and provide infrastructure, services, events and tech",2021.0,,2017.0,Hospitality,Bangalore,Karan Virwani,,
Vegrow,,13000000.0,,Vegrow is in the business of fresh fruits & vegetables with addressable market size of $43 Billion.,2021.0,,2020.0,Farming,Bangalore,"Praneeth Kumar, Shobhit Jain, Mrudhukar Batchu, Kiran Naik","Lightspeed Venture Partners, Elevation Capital",
Greenjoules,Series A,4500000.0,,Greenjoules is a green energy technology startup that specializes in making renewable biofuels.,2021.0,,2018.0,Renewable Energy,Pune,"R. Sethunath, V S Shridhar, V. Radhika, Viraraghavan Sankaran",Blue Ashva Capital,
Tabono,Seed funding,566999.3634413877,"Gurgaon, Haryana, India",Tabono is a one stop environment for all your fitness solution.,2018.0,Undisclosed,2018.0,Sports,Gurgaon,,,
BrowserStack,Series B,200000000.0,,BrowserStack is a leading software testing platform powering over two million tests every day across 15 global data centres.,2021.0,,2011.0,SaaS startup,Mumbai,"Nakul Aggarwal, Ritesh Arora",Accel,
Urban Company,,188000000.0,,"Urban Company (Formerly UrbanClap) is a home and beauty services platform in India, Middle East, Singapore and Australia",2021.0,,2014.0,Home services,New Delhi,"Abhiraj Singh Bhal, Raghav Chandra, Varun Khaitan",Vy Capital,
Cell Propulsion,Seed funding,102199.77720448568,"Bangalore, Karnataka, India",Cell Propulsion is an electric mobility startup that designs autonomous electric vehicles.,2018.0,Undisclosed,2018.0,Transportation & Logistics,Bangalore,,,
Medpho,,1000000.0,,Medpho is a healthcare service provider in India that connects doctors and patients at the click of a call.,2021.0,,2021.0,Hospital & Health Care,Noida,Shashank Saini,"Cygnus Medicare Group, Probal Ghoshal, Shuchin Bajaj",
4Fin,Pre-Seed funding,1100000.0,,4Fin is a Fintech Platform catering to needs of Smart Bharat.,2021.0,,2021.0,Financial Services,Pune,"Amit Tewary, Ajit Sinha",Curesense Therapeutics,
Dream Sports,,840000000.0,,"Dream Sports is India’s leading sports technology company with brands such as Dream11, world’s largest fantasy sports platform",2021.0,,2008.0,Sports,Mumbai,Harsh Jain,"Falcon Edge, DST Global, D1 Capital, Redbird Capital, Tiger Global",
Toothsi,Series B,20000000.0,,India’s first and largest at home smile makeover service using invisible aligners.,2021.0,,2018.0,Health,Mumbai,"Dr Arpi Mehta, Dr Pravin Shetty, Dr Manjul Jain, Dr Anirudh Kale","Eight Roads Ventures, Think Investments, Mankekar Family Office",
Nua,Seed funding,566999.3634413877,"Mumbai, Maharashtra, India",Nua is an e-commerce and feminine care brand platform focused on creating women care products.,2018.0,Undisclosed,2018.0,Consumer Goods,Mumbai,,,
Pixxel,Seed funding,7300000.0,,Pixxel is a Bengaluru-based space technology startup building a constellation of advanced earth imaging small satellites.,2021.0,,2019.0,SpaceTech,Bangalore,"Awais Ahmed, Kshitij Khandelwal","Techstars, Ryan Johnson",
Udayy,Seed funding,2500000.0,,Interactive learning platform for kids,2021.0,,2019.0,EdTech,Gurgaon,"Saumya Yadav, Mahak Garg, Karan Varshney",Alpha Wave Incubation,
Mobile Premier League (MPL),Series A,5000000.0,"Bengaluru, Karnataka, India",Mobile Premier League(MPL) is a skill based E-Sports platform where you can play your favourite mobile games and win real cash always.,2018.0,Undisclosed,2018.0,Media & Entertainment,Bangalore,,,
Skymet,,1000000.0,,Provide services that allow clients to understand and organize themselves around changing environment.,2021.0,,2003.0,Environmental Services,Noida,Yogesh Patil,"Northern Arc, Caspian Impact Investments",
Generico,Series A,566999.3634413877,"Mumbai, Maharashtra, India",Generico is the fastest growing specialized pharmacy retail chain of Generic medicines.,2018.0,Undisclosed,2018.0,Healthcare & Life Sciences,Mumbai,,,
My3DSelfie,Series A,3600000.0,,World's first to create 3d figurine from photos,2021.0,,2016.0,Arts & Crafts,Guwahati,Harsha P Deka,"NEVF, AccelNest",
DrinkPrime,,1000000.0,,India's Smartest Water Purifiers and are redefining water purifier ownership.,2021.0,,2016.0,Consumer Goods,Bangalore,Anil Kejriwal,"UC Inclusive Credit, Western Capital",
Moneyboxx,Debt,3000000.0,,Moneyboxx Finance provides easy access to financing to the deserving micro enterprises.,2021.0,,1994.0,FinTech,Mumbai,Deepak Aggarwal,"Ashv Finance, BlackSoil Capital",
infra.market,Series D,125000000.0,,Infra.Market is a Construction Solutions company that leverages technology to provide an enhanced procurement experience for all players in the construction ecosystem.,2021.0,,2016.0,Construction,Thane,"Souvik Sengupta, Aaditya Sharda",Tiger Global,
MYSUN,,2000000.0,,"India's Largest Online Rooftop Solar Platform for SMEs, Industries & Homes",2021.0,,2016.0,Solar,New Delhi,Gagan Vermani,TATA Cleantech Capital,
Digit Insurance,,200000000.0,,"Digit becomes the first Unicorn of 2021, valued at $1.9B.",2021.0,,2016.0,Insuretech,Bangalore,Kamesh Goyal,"Faering Capital, Sequoia Capital India, IIFL Alternate Asset Managers",
Chara,Seed funding,850000.0,,"A scalable, cloud-controlled, and rare earth mineral free Hardware and Software platform for the Switched Reluctance Motor and other magnet free motor technologies.",2021.0,,2019.0,Deep Tech,Bangalore,"Bhaktha Keshavachar, Ravi Prasad Sharma, Mahalingam Koushik",Kalaari Capital,
Anveshan,Seed funding,500000.0,,Revolutionizing the food industry through technology by providing high-quality traceable food products,2021.0,,2019.0,Food Production,Bangalore,"Aayushi Khandelwal, Akhil Kansal, Kuldeep Parewa","DSG Consumer Partners, Titan Capital",
The Viral Fever,,2000000.0,,India's leading digital entertainment network.,2021.0,,2012.0,Entertainment,Mumbai,Arunabh Kumar,BlackSoil,
LifeCell,,30000000.0,,A building block of the team that preserves the building blocks of life,2021.0,,2004.0,Biotechnology,Chennai,S. Abhaya Kumar,Orbimed Asia Partners,
Avanti Finance,Series A,15000000.0,,A digital platform to make financial services accessible to 100 million unserved and underserved households across India,2021.0,,2017.0,Financial Services,Bangalore,"Nandan Nilekani, Vijay Kelkar","Oikocredit, Nomura, The Bill & Melinda Gates Foundation",
Chqbook,,1000000.0,,"Chqbook is a fintech startup that allows customers to explore, compare, book and get personal finance products.",2021.0,,2017.0,FinTech,New Delhi,"Mohit Goel, Rajat Kumar, Sachin Arora, Vipul Sharma","Aavishkaar Venture Capital, YWC Venture Capital",
Bijnis,Series B,30000000.0,,Bijnis is revolutionizing the way manufacturers operate and scale their factories by digitizing their Demand/Supply/Captial/Operations.,2021.0,,2015.0,B2B startup,New Delhi,"Siddharth, Chaitanya Rathi, Siddharth Rastogi, Shubham Agarwal",Westbridge Capital,
Sports Flashes Pvt. Ltd,Seed funding,1000000.0,"New Delhi, Delhi, India","Sports Flashes operates a sports content app that provides sports news, live scores, fantasy gaming, expert views, trivia, and more.",2018.0,Undisclosed,2018.0,Sports,New Delhi,,,
Puresh Daily,Seed funding,100000.0,,PUREandFRES-Milk delivers fresh milk directly from its farm to home. Fresh Milk without any trace of chemicals is packed and sealed in glass bottle.,2021.0,,2019.0,Milk startup,Ranchi,"Manish Piyush, Ayush Kumar","Alfa Ventures, Agility Venture Partners",
WheelsEMI,Series B,14000000.0,"Pune, Maharashtra, India","WheelsEMI is the brand name of NBFC, WheelsEMI Pvt. Ltd.",2018.0,Undisclosed,2018.0,Financial Services,Pune,,,
Ultraviolette,Series C,150000000.0,,Create and Inspire the future of sustainable urban transportation through Accelerated Innovation.,2021.0,,2021.0,Automotive,Bangalore,"Subramaniam Narayan, Niraj Rajmohan","TVS Motor, Zoho",
Phable,Series A,12000000.0,,Mobile App for Patients and Doctors,2021.0,,2017.0,HealthTech,Bangalore,"Mukesh Bansal, Prasanth Reddy, Sumit Sinha","Fresco Capital, Social Starts",
Ultrahuman,,17500000.0,,Ultrahuman is a global health and fitness platform that aids our user to achieve their true physical and mental potential.,2021.0,,2020.0,Healthcare,Bangalore,"Mohit Kumar, Vatsal Singhal",Tiger Global’s Scott Schleifer,
Phool.co,,3500000.0,,Flowercycling technologies to upcycle cellulose waste and specialises in manufacturing charcoal-free incense and other wellness products,2021.0,,2017.0,Renewables & Environment,Kanpur,Ankit Agarwal,"Alia Bhatt, IAN Fund, Social Alpha, Draper Richards Kaplan Foundation",
Kohbee,Pre-Seed funding,235000.0,,"Kohbee is a mobile app for online trainers and educators to run their online business, end to end.",2021.0,,2019.0,E-learning,Bangalore,"Rohan Sinha, Shashwat Aditya","Ankit Mehrotra, Saurabh Aggarwal",
MetroRide,,3500000.0,,"Urban Mobility Affordable, Punctual & Sustainable.",2021.0,,2020.0,Transportation,Bangalore,"Girish Nagpal, Kaaman Agarwal",,
Ati Motors,Series A,35000000.0,,Autonomous industrial vehicle maker,2021.0,,2017.0,Automotive,Bangalore,"Saurabh Chandra, Saad Nasser","Blume Ventures, Exfinity Venture Partners",
Origo,Series A,11679974.537655506,"Gurgaon, Haryana, India","Origo Commodities, a complete post-harvest management services for agricultural commodities, is the fastest growing company in its sector.",2018.0,Undisclosed,2018.0,Business Services,Gurgaon,,,
NoBroker.com,Series E,2100000.0,,NoBroker is a disruptive force in the Real Estate Industry.,2021.0,,2014.0,Real Estate,Bangalore,"Akhil Gupta, Amit, Saurabh","General Atlantic, Tiger Global, Moore Strategic Ventures",
VTION,Seed funding,280319.3889037322,"Gurgaon, Haryana, India",VTION is a media technology innovation firm aiming to solve key problems in the media based ecosystem.,2018.0,Undisclosed,2018.0,IT & Technology,Gurgaon,,,
Prolgae,Seed funding,200000.0,,Prolgae Spirulina Supplies Pvt. Ltd. is a Nordic-India joint operating company.,2021.0,,2016.0,Biotechnology,The Nilgiris,Aakas Sadasivam,Vijayan,
Battery Smart,Series A,7000000.0,,Battery Smart is building India’s largest network of battery swapping stations providing Li-ion batteries,2021.0,,2019.0,Renewables & Environment,New Delhi,"Pulkit Khurana, Siddharth Sikka","Blume Ventures, Orios Ventures",
moEVing,Seed funding,1000000.0,,"Delivering clean, cost-effective and efficient mobility solutions.",2021.0,,2021.0,Logistics,Gurugram,VIKASH MISHRA,,
Fyle,Seed funding,1100000.0,"Bengaluru, Karnataka, India",Fyle is an intelligent expense management platform for enterprises.,2018.0,Undisclosed,2018.0,Business Services,Bangalore,,,
Progcap,Series C,30000000.0,,"Progcap (Desiderata Impact Ventures Private Limited) is a mission-driven, inclusive financing technology firm",2021.0,,2016.0,FinTech,New Delhi,"Pallavi Shrivastava, Himanshu Chandra",Tiger Global,
IGL,,500000.0,,Indian Gaming League is the premier eSports platform in India.,2021.0,,2016.0,Gaming,Mumbai,Yash Pariani,"Hungama, Hindustan Talkies",
Glamplus,Series A,200000.0,,India's #1 SaaS based Salon experience Software,2021.0,,2020.0,SaaS startup,Bangalore,Divyanshu Singh,Inflection Point Ventures,
Cora Health,Seed funding,600000.0,,Social commerce marketplace for everyday health and wellness.,2021.0,,2020.0,"Health, Wellness & Fitness",Bangalore,"Snigdha Kumar, Shrijit Venkatesh",Indian Angel Network,
Kidovators (by GyanLab),Seed funding,180000.0,"Bangalore, Karnataka, India",Building future human capital through 21st Century Skills programs for K-12,2018.0,Undisclosed,2018.0,IT & Technology,Bangalore,,,
Unbox Robotics,Series A,7000000.0,,Unbox Robotics is building software-defined robotics platforms to enable logistics players to automate and radically improve their operations on-demand in a limited footprint and capital.,2021.0,,2019.0,Logistics & Supply Chain,Pune,"Pramod Ghadge, Shahid Memon, Rohit Pitale","3one4 Capital, Sixth Sense Ventures",
Aye Finance,Series A,1051197.7083889956,"Gurgaon, Haryana, India",Aye Finance provides financial services to micro and small businesses in Northern India.,2018.0,Undisclosed,2018.0,Financial Services,Gurgaon,,,
SUN Mobility,,50000000.0,,Provider of universal energy infrastructure and services to accelerate mass EV usage!,2021.0,,2017.0,Automotive,Bangalore,Chetan Maini,Vitol,
CoffeeMug.ai,Pre-Seed funding,620000.0,,"A video first global platform of senior professionals, connecting 1:1, virtually or over coffee, building a powerful, long-lasting relationship.",2021.0,,2020.0,Networking,New Delhi,"Abhishek Sharma, Dipti Tandon","Paradigm Shift Capital, AngelList India",
Insurance Samadhan,Series A,725000.0,,The insurance industry will help in representation with the insurance companies and will help to find adequate redressal for grievances.,2021.0,,2018.0,Insurance,New Delhi,Deepak Bhuvenshwari Uniyal,"9Unicorns, ZNL",
6Degree,Seed funding,400000.0,"Mumbai, Maharashtra, India",A fashion enterprise that provides a launchpad to fashion talent and brands using a tech enabled platform,2018.0,Undisclosed,2018.0,Consumer Goods,Mumbai,,,
MedPrime Technologies,Seed funding,1000000.0,,"MedPrime Technologies is a medical device company, dedicated to developing the best, customer-centric solutions for the healthcare needs of the world.",2021.0,,2014.0,Healthcare,Thane,"Samrat, Greeshma Unnikrishnan, Binil Jacob, Mahesh Kumar Rathor","Mumbai Angels Network, Social Alpha",
Ultraviolette,Series C,150000000.0,,Create and Inspire the future of sustainable urban transportation through Accelerated Innovation.,2021.0,,2021.0,Automotive,Bangalore,"Subramaniam Narayan, Niraj Rajmohan","TVS Motor, Zoho",
Tekie,Seed funding,1500000.0,,"Tekie is a live coding platform for kids that uses the power of storytelling, to make learning to code a movie-like experience.",2021.0,,2017.0,EdTech,Gurugram,"Anand Verma, Naman Mukund","GSV, Multiply Ventures",
GoBolt,Series B,20000000.0,,"GoBOLT is a tech-logistics company operating in Line Haul & Short Haul Trucking, creating value through dis-intermediation, increased asset utilization and extensive use of technology.",2021.0,,2015.0,Logistics,Gurugram,"Naitik Baghla, Parag Aggarwal, Sumit Sharma","Paragon Partners, Aavishkaar Capital",
SportZchain,Pre-Seed funding,400000.0,,SportZchain is India's first blockchain based platform poised to disrupt a multi-billion dollar fan engagement industry.,2021.0,,2021.0,sports,Mumbai,Siddharth Jaiswal,"Darq Capital, Jagadeesh Atukuri",
DcodeAI,,500000.0,,EMPOWER LEARNERS TO BE FUTURE READY USING AI,2021.0,,2020.0,EdTech,New Delhi,"Kartik Sharma, Ashish Aggarwal",S Chand,
Perpule,Series A,4963989.178503591,"Bangalore, Karnataka, India",Perpule is a self-checkout product for retail outlets to enhance the shopping experience of the customers.,2018.0,Undisclosed,2018.0,IT & Technology,Bangalore,,,
KoineArth,Series A,1800000.0,,"Koinearth is a stealth mode startup working at the intersection of blockchains, machine learning and mechanism design",2021.0,,2018.0,Blockchain startup,Bangalore,Praphul Chandra,YourNest,
Arthya Wealth and Investments,Series A,1000000.0,,"A comprehensive, high quality, open-architecture based Wealth Management and Investment Advisory platform, to cater to investors across the board: Individuals, Businesses/Corporate Treasuries, Family Offices, Trusts and more.",2021.0,,2020.0,FinTech,Mumbai,Gaurav Arora,"Rishi Kumar Bagla, Krishen Lal Khanna",
CanPe,Seed funding,1000000.0,,"Digital-first debt collections platform that is driven by compassion, and powered by AI.",2021.0,,2019.0,Computer software,Bangalore,Arindam Choudhury,Axilor Ventures,
SuperBottoms,,400000.0,,SuperBottoms was born out of a personal passion for cloth diapering that would give the convenience of diapers while not harming the environment and baby’s skin.,2021.0,,2015.0,Consumer Goods,Mumbai,Pallavi Utagi,Alteria Capital,
Droom,,200000000.0,,"Droom is an AI and data science driven online transactional platform, which offers 21st century experience in buying & selling used & new automobiles in India",2021.0,,2014.0,Automobile,Gurugram,Sandeep Aggarwal,,
MedPay,Seed funding,1200000.0,,MedPay® is building the real-time claims adjudication platform for health insurers.,2021.0,,2020.0,Information Technology,Bangalore,"Arun Bhatia, Ravi Chandra","Entrepreneur First (EF), GrowX Ventures",
Makers Hive,,9000000.0,,"Makers Hive has made it possible to bring the people with amputations together by developing a fully functional, customizable",2021.0,,2018.0,Tech Startup,Hyderabad,Pranav Vempati,"Starfish Growth Partners, Investpad",
ZiffyHomes,Seed funding,120000.0,"New Delhi, Delhi, India",ZiffyHomes is a technology driven marketplace to find out home on rent.,2018.0,Undisclosed,2018.0,Retail,New Delhi,,,
Career Anna,Seed funding,583998.7268827753,"Bangalore, Karnataka, India",India's Go to Career Commerce Portal,2018.0,Undisclosed,2018.0,Real Estate,Bangalore,,,
Swiggy,Series H,1000000000.0,"Bangalore, Karnataka, India",Swiggy is a food ordering and delivery company that provides food service solutions for restaurants.,2018.0,Undisclosed,2018.0,Transportation & Logistics,Bangalore,,,
Lavado,,3500000.0,,A startup that is trying to permanently change the way people approach the cleaning and maintenance of their apparel and accessories.,2021.0,,2016.0,Consumer service,Mumbai,Disha Jain,Ashish Shah,
8i Ventures,,50000000.0,,8i is a Mumbai & Bangalore based early stage fund that backs founders creating fintech and consumer category leaders in India.,2021.0,,2018.0,Venture Capital & Private Equity,Mumbai,Vikram Chachra,,
Braingroom,,200000.0,,"BrainGroom is an online marketplace for educational, recreational & wellness classes with defined target segment, quantifiable outcomes & specified time duration.",2021.0,,2015.0,EdTech,Chennai,"Madhula Sathyamoorthy, Naliene Ramasamy, Kalaiarsi Periasamy","IAN, Social Alpha, Startup Oasis",
Ola Electric,,200000000.0,,Charging ahead to accelerate the world’s transition to sustainable mobility.,2021.0,,2017.0,Automotive,Bangalore,Bhavish Aggarwal,"Falcon Edge, Softbank",
AppsForBharat,Seed funding,4000000.0,,"A mission to assist a billion Indians in their spiritual journey and help them feel happier, peaceful & more content.",2021.0,,2020.0,Spiritual,Bangalore,Prashant Sachan,"Sequoia Capital India, BEENEXT",
Remedico,,500000.0,,Remedico is a Mobile healthcare,2021.0,,2017.0,Healthcare,Hyderabad,Ranjit Bhatia,"Venture Catalysts, Tahseen Consulting",
Sarathi,Seed funding,100000.0,,"Offer a range of services like lab tests, consultation at home, nursing services, emergency services, and appointment management.",2021.0,,2020.0,HealthCare,Jodhpur,Aditi Poyam,,
Factors.AI,,2000000.0,,"Factors.AI is a Marketing Analytics platform providing sophisticated omnichannel, every-touch attribution technology and unparalleled performance insights for Marketers",2021.0,,2020.0,SaaS startup,Bangalore,"Aravind Murthy, Praveen Das, Srikrishna Swaminathan","Elevation Partners, Emergent Ventures",
Foyr,Series A,4200000.0,"Pune, Maharashtra, India","Foyr.com is India's first online, automated interior designer",2018.0,Undisclosed,2018.0,Consumer Goods,Pune,,,
Pickrr,Series B,12000000.0,,India's 1st Virtual Logistics solution catering to Global Brands/SMEs/Online sellers/AmazonSellers,2021.0,,2015.0,Logistics & Supply Chain,Gurugram,"Rhitiman Majumdar, Gaurav Mangla, Ankit Kaushik","IIFL, Amicus Capital, Ananta Capital",
Happyeasygo Group,Series A,566999.3634413877,"Haryana, Haryana, India",HappyEasyGo is an online travel domain.,2018.0,Undisclosed,2018.0,Travel & Tourism,Chandigarh,,,
byteXL,,200000.0,,"ByteXL is the first-ever, one-stop-shop for self-learning course work and guided training – preparing a new generation of coders for the workforce.",2021.0,,2019.0,E-learning,Hyderabad,"Sricharan Tadepalli, Karun Tadepalli",Joseph Joy,
Simple Energy,Pre-Seed funding,21000000.0,,A Research and development driven company on a mission to build the future of mobility that is electric and connected.,2021.0,,2019.0,Automotive,Bangalore,Suhas Rajkumar,,
Classplus,Series C,65000000.0,,Classplus was born out of an urge to redefine classroom engagement in this country.,2021.0,,2017.0,EdTech,Noida,"Mukul Rustagi, Bhaswat Agarwal",Tiger Global,
Kafqa Academy,Seed funding,1300000.0,,"Kafqa Academy is a global performing arts academy that offers classes in dancing, singing, and speech & drama.",2021.0,,2021.0,E-learning,Bangalore,Shariq Plasticwala,"Global Founders Capital, Enzia Ventures, Better Capital",
True Balance,,30000000.0,,"Balancehero India Private Limited (BHI), the wholly owned subsidiary of Balancehero Co. Ltd., Korea which runs and operates mobile App “True Balance”.",2021.0,,2014.0,Financial Services,Gurugram,Cheolwon Lee,"Northern Arc, Arthmate, Shine Star, E clear, Hinduja",
TrulyMadly,Series A,2000000.0,,Trulymadly is a dating platform that uses a match making algorithm.,2021.0,,2013.0,Dating,New Delhi,"Hitesh Dhingra, Rahul Kumar, Sachin Bhatia","Gaurav Munjal, Snehil Khanor",
Vakilsearch,,10000000.0,,"India's largest Legal, Compliance & Tax services platform, and trusted partner in making legal simple!",2021.0,,2010.0,Legal Services,Chennai,Hrishikesh Datar,InCorp India,
BHyve,Undisclosed,300000.0,,A Future of Work Platform for diffusing Employee Tacit Knowledge and enabling Peer Learning Networks,2021.0,,2020.0,HR,Mumbai,Backed by 100x.VC,"ITO Angel Network, LetsVenture, 100x.VC",
Park+,Series B,25000000.0,,Building an eco-system for car owners which will be a one-stop solution for all their needs.,2021.0,,2019.0,Tech startup,New Delhi,Amit Lakhotia,"Sequoia Capital, Matrix Partners",
Purplle,,70000000.0,,Purplle.com is one of India’s largest e-beauty destinations with more than 7 million monthly active users.,2021.0,,2012.0,E-commerce,Mumbai,"Rahul Dash, Manish Taneja",Kedaara,
PlanetSpark,Series B,13000000.0,,PlanetSpark is building the World Leader in Communication Skills for children in the age groups of 4 to 14 years,2021.0,,2017.0,Education Management,Gurugram,"Maneesh Dhooper, Kunal Malik","Binny Bansal, Deep Kalra, Dr Ashish Gupta, Gokul Rajaram, Shirish Nadkarni",
Perspectico,Seed funding,566999.3634413877,"New Delhi, Delhi, India",An Education Management startup.,2018.0,Undisclosed,2018.0,Business Services,New Delhi,,,
Karbon Card,,3500000.0,,Prime objective is to empower Indian startups by creating the right financial products starting with a high-limit corporate credit card with unlimited benefits,2021.0,,2019.0,FinTech,Bangalore,"Pei-fu Hsieh, Amit Jangir, Kartik Jain, Sunil Sinha",Y Combinator,
Vista Rooms,,1000000.0,,"Vista Rooms is a South Asia's largest luxury holiday home rental management company. We are on a mission to build the ""Marriott for Homes""",2021.0,,2015.0,Hospitality,Mumbai,"Amit Damani, Ankita Sheth, Pranav Maheshwari","Singapore Angel Network, Artha India Ventures",
Mobileware Technologies,,4700000.0,,"A mobile applications development platform for technologies including Symbian, Blackberry, and early versions of iOS and Android.",2021.0,,2008.0,Information Technology & Services,Mumbai,"Amitabh Kanekar, Satyajit Kanekar",Kvanto Payment Services,
CredAble,Series B,30000000.0,,CredAble provides liquidity programs for enterprise supply chains.,2021.0,,2017.0,Financial Services,Mumbai,Nirav Choksi,"Plutus Wealth, Oaks Asset Management",
Sleepy Owl Coffee,Seed funding,510998.88602242846,"New Delhi, Delhi, India","Makers of a signature coffee that's exceptional in taste. It's super easy to brew, requires no equipment & ships to your door.",2018.0,Undisclosed,2018.0,Consumer Goods,New Delhi,,,
GlobalBees,Series A,150000000.0,,Globalbees partners with entrepreneurs who have built an online-first business.  Our team scales up D2C businesses in India and abroad.,2021.0,,2021.0,D2C Business,New Delhi,Nitin Agarwal,"FirstCry, Lightspeed Venture Partners",
ExMyB,Seed funding,1000000.0,,ExMyB provides financial service and consulting services.,2021.0,,2018.0,Consulting,Gurugram,Nishant Behl,Campus Fund,
Meesho,,300000000.0,,Meesho operates as an online reselling platform that enables anyone to start a business without investment.,2021.0,,2015.0,E-commerce,Bangalore,"Sanjeev Barnwal, Vidit Aatrey","SAIF Partners, Venture Highway",
Royal Sundaram General Insurance Co. Limited,Corporate Round,210000000.0,"Kalpakkam, Tamil Nadu, India","Royal Sundaram provides comprehensive insurance plans and innovative insurance solutions to individuals, families and businesses.",2018.0,Undisclosed,2018.0,Financial Services,Kalpakkam,,,
Nestasia,Series A,4000000.0,,"Artisanal, Handmade, bio conscious crafts from South East Asia.",2021.0,,2018.0,Retail,Kolkata,"Aditi Murarka Agrawal, Anurag Agrawal","Varun Alagh, Sahil Barua",
Frenzi,Seed funding,1000000.0,,India’s Fastest Growing Streaming Social Network,2021.0,,2020.0,Online Media,Mumbai,"Balkrishna Singh, Harvinderjit Singh Bhatia",SucSEED Indovation Fund,
Exponent Energy,Series A,5000000.0,,Simplifying energy for EVs by building a Flexible Energy Stack.,2021.0,,2020.0,Automotive,Bangalore,"Arun Vinayak, Sanjay Byalal",YourNest VC,
SmartCoin,,10000000.0,,India's Most Preferred Instant Loan App,2021.0,,2016.0,FinTech,Bangalore,"Jayant Upadhyay, Amit Chandel, Rohit Garg","Northern Arc, Vivriti Capital",
Quizizz,Series A,12500000.0,,Quizizz is a Education based startup,2021.0,,2015.0,EdTech,Bangalore,"Ankit Gupta, Deepak Joy Cheenath","Eight Roads Ventures India, Nexus Venture Partners",
Verandah,Seed funding,1000000.0,,Verandah is a conscious luxury travel brand retailing amongst the luxury resort wear space with design roots.,2021.0,,2011.0,Apparel & Fashion,Mumbai,Anjali Patel Mehta,"Mike Novogratz, Neeraj Arora",
Nova Benefits,Series A,10000000.0,,Nova Benefits is the one stop tech platform for providing the best health and wellness benefits to employees.,2021.0,,2020.0,"Health, Wellness & Fitness",Bangalore,"Saransh Garg, Yash Gupta","Susquehanna International Group, Bessemer Venture Partners",
Boutique Spirit Brands,,10000000.0,,Boutique Spirit Brands is a leading Brand creation & manufacturing company of Branded alcoholic beverages in India.,2021.0,,2016.0,Wine & Spirits,New Delhi,Rahul Gagerna,"IIFL﻿, ﻿Anicut Angel Fund﻿, ﻿Kae Capital﻿, TradeCred",
Syook,Series A,1000000.0,,Syook is building the next generation enterprise IOT platform.,2021.0,,2016.0,Industrial Automation,Bangalore,"Saurabh Sharma, Aman Agarwal, Arjun Nagarajan","Inflection Point Ventures, ONGC",
G.O.A.T,Series A,36000000.0,,G.O.A.T Brand Labs provides a tech-enabled platform for D2C brands to scale.,2021.0,,2021.0,D2C,Bangalore,"Rishi Vasudev, Rameswar Misra","Tiger Global, Flipkart Ventures",
Faarms,Seed funding,2000000.0,,FAARMS™ is a new age digital platform which aims to offer a one-stop solution to farmers.,2021.0,,2020.0,AgriTech,Bangalore,"Taranbir Singh, Alok Duggal",,
upGrad,,25000000.0,,"upGrad is India’s largest online higher education company providing programs in Data Science, Technology, Management and Law, to students, working professionals and enterprises.",2021.0,,2015.0,EdTech,Mumbai,"Phalgun Kompalli, Ronnie Screwvala, Mayank Kumar",India Infoline Finance,
MadGuy Labs,Series A,150000.0,"Hyderabad, Andhra Pradesh, India",MadGuy Labs is a Online Test-prep Platform.,2018.0,Undisclosed,2018.0,Education,Hyderabad,,,
Samaaro,,125000.0,,"Samaaro is a virtual event platform designed to help organizations host scalable, secure, and effective virtual events for a global audience",2021.0,,2020.0,SaaS startup,Bangalore,"Mayank Banka, Purnank Prakash, Skandha Gopalan","Chaitanya Kalipatnapu, Kedar Gavane",
SuperBeings,Seed funding,1000000.0,,"Continuous Leadership Development & Employee Engagement platform. Improve Leadership, Culture and Experience real-time.",2021.0,,2019.0,Computer software,Bangalore,"Yasharth Mishra, Gaurav Bhawnani, Kunal Mishra",Endiya Partners,
artbandhu,Pre-Seed funding,15000.0,"Bangalore, Karnataka, India",Ai platform for Art and Creative Community,2018.0,Undisclosed,2018.0,Media & Entertainment,Bangalore,,,
Zupee,,30000000.0,,"Mission to improve people’s lives by improving their learning ability, skills and mental aptitude through scientifically designed mental exercises, applications",2021.0,,2018.0,Gaming,Gurugram,"Dilsher Singh, Siddhant Saurabh","WestCap Group, Tomales Bay Capital",
Kolo,Pre-Seed funding,550000.0,,Home construction app for finding ideas and service providers near you,2021.0,,2020.0,Construction,Bangalore,"Pranav Garg, Jery Althaf",Better Capital,
Sporjo,,2000000.0,,A one stop destination to build a successful career in the Indian sports industry!,2021.0,,2020.0,SportsTech,Mumbai,G Srinivvasan,Punit Balan,
Ummeed Housing Finance Private Limited,Series C,8759980.90324163,"Haryana, Haryana, India",Ummeed Housing Finance Private Limited,2018.0,Undisclosed,2018.0,Financial Services,Chandigarh,,,
NewsReach,Seed funding,300000.0,,NewsReach is a Mumbai based company that wants to create a disruptive ecosystem of original and local news content.,2021.0,,2018.0,Media,Ahmedabad,"Soniya Kundnani, Darshan Shah",JITO Angel Network,
Elixia Tech Solutions,Series A,1000000.0,,End to End Logistics Automation Expert,2021.0,,2011.0,Information Technology & Services,Mumbai,Sanket Sheth,Rajasthan Venture Capital Fund,
TartanSense,Series A,5000000.0,,TartanSense unlocks value for small farm holders by working at the intersection of robotics and AI assisted computer vision.,2021.0,,2015.0,Information Technology,Bangalore,Jaisimha Rao,"FMC, Omnivore, Blume Ventures",
Bewakoof,,4000000.0,,"Society perceives Bewakoof as stupid.But what does society call Bewakoof?Often, it’s anything different or anything that’s done differently.",2021.0,,2011.0,D2C Fashion,Mumbai,Prabhkiran Singh,"IvyCap Ventures, Pratithi Investment Trust",
Zepto,,60000000.0,,Grocery delivery startup,2021.0,,2021.0,E-commerce,Mumbai,"Aadit Palicha, Kaivalya Vohra","Glade Brook Capital, Nexus, Y Combinator",
Camp K12,,12000000.0,,"Camp K12 is a global online school for 21st century skills, teaching Coding and other STEAM subjects to kids age 6-18 via LIVE, interactive, gamified online sessions",2021.0,,2010.0,EdTech,Gurugram,Anshul Bhagi,"Matrix Partners India, Elevation Capital",
LegalPay,Seed funding,1000000.0,,A trusted financial partner for advocates and corporate.,2021.0,,2019.0,FinTech,New Delhi,Kundan Shahi,9Unicorns,
Neobank Jupiter,Series C,86000000.0,,Jupiter is a digital banking app with one simple aim – to deliver a banking experience that keeps pace with you.,2021.0,,2019.0,Banking,Mumbai,Jitendra Gupta,"Tiger Global, Sequoia Capital",
Nobel Hygiene,,60000000.0,,"Nobel Hygiene is one of the leading disposable hygiene care products manufacturer in the country with an ISO 9001:2015 and CE certification, headquartered in Mumbai.",2021.0,,1999.0,HealthCare,Mumbai,Johari Kamal,Quadria Capital,
Classplus,Series C,65000000.0,,Classplus was born out of an urge to redefine classroom engagement in this country.,2021.0,,2017.0,EdTech,Noida,"Mukul Rustagi, Bhaswat Agarwal",Tiger Global,
AdmitKard,Series A,1000000.0,,A tech solution for end to end career advisory to students looking to study abroad.,2021.0,,2016.0,EdTech,Noida,"Vamsi Krishna, Pulkit Jain, Gaurav Munjal",Unknown,
Smartcoin,Seed funding,2000000.0,"Bangalore, Karnataka, India",Providing financial access to the millions of mobile users in India using alternative credit assessment,2018.0,Undisclosed,2018.0,IT & Technology,Bangalore,,,
Ola Electric,,200000000.0,,Sustainability for the future.,2021.0,,2017.0,Automotive,Bangalore,Bhavish Aggarwal,"Falcon Edge, Softbank",
Bizongo,Series D,100000000.0,,Bizongo is India’s largest B2B platform for made-to-order products.,2021.0,,2015.0,Information Technology & Services,Mumbai,"Sachin Agrawal, Aniket Deb, Ankit Tomar",Tiger Global,
TrulyMadly,Series A,2000000.0,,Trulymadly is a dating platform that uses a match making algorithm.,2021.0,,2013.0,Dating,New Delhi,"Hitesh Dhingra, Rahul Kumar, Sachin Bhatia","Gaurav Munjal, Snehil Khanor",
Hero Electric,Series A,23359949.075311013,"New Delhi, Delhi, India","Hero Electric, a 100% subsidiary of the Hero Group, is a pioneer in the Indian Electric Vehicle Industry.",2018.0,Undisclosed,2018.0,Manufacturing,New Delhi,,,
Shyplite,,1000000.0,,Enable E-retailers to automate their logistics and increase efficiency in shipments by providing a single window shipping platform,2021.0,,2016.0,Logistics,New Delhi,"Nisschal Jain,  Sugam Jain, Parinay Itkan",N+1 Capital,
Muvin,Seed funding,1000000.0,,Youth Neobank enabling financial solutions for the teenagers and young people,2021.0,,2020.0,FinTech,Bangalore,Mukund V Rao,,
ONGO Framework,Seed funding,1000000.0,"Hyderabad, Andhra Pradesh, India",ONGO Framework is a B2B IT and digital solution provider.,2018.0,Undisclosed,2018.0,Business Services,Hyderabad,,,
Mynvax,Series A,4000000.0,,Mynvax is a pre-clinical stage vaccine biotechnology. Current develop programs include a recombinant vaccine for human influenza and COVID19.,2021.0,,2017.0,Biotechnology,Bangalore,"Dr Raghavan Varadarajan, Dr Gautham Nadig","Accel, LetsVenture, 1Crowd",
DusMinute,Series A,1100000.0,,DusMinute aims to transform how communities live by giving them access to world-class amenities at their doorstep.,2021.0,,2017.0,Retail,Bangalore,Apoorva Mishra,Indian Angel Network,
CredR,,6500000.0,,CredR is India’s Most Trusted Used Two-Wheeler Consumer Brand that leverages Technology & Processes to simplify the Used Two-wheeler Market.,2021.0,,2015.0,Automotive,Bangalore,Sasidhar Nandigam,"Yamaha Motors, Omidyar Network India, Eight Roads Ventures",
Fitterfly,Series A,3000000.0,,"Fitterfly offers customized and personalized wellness programs for diabetes PCOS, pregnancy, weight loss, pediatric and nutrition.",2021.0,,2016.0,HealthTech,Mumbai,Dr Arbinder Singal,"9Unicorns Accelerator Fund, Metaform Ventures",
Ankur capital,,40000000.0,,Early stage venture capital fund focused on opportunities created by rising aspirations & digital access for next billion Indians.,2021.0,,2011.0,FinTech,Mumbai,Ritu Verma,,
Avataar Ventures,,100000000.0,,Avataar Venture Partners is a growth Capital Investment Firm.,2021.0,,2019.0,FinTech,Bangalore,Mohan Kumar,,
Expertrons,,3500000.0,,The world's largest AI Videobot platform providing futuristic solutions for businesses & colleges and employment,2021.0,,2019.0,E-learning,Mumbai,"Jatin Solanki, Vivek Gupta","Kunal Shah, Anant Maheshwari",
RevFin,Seed funding,566999.3634413877,"Delhi, Delhi, India",RevFin is a digital lending company.,2018.0,Undisclosed,2018.0,Business Services,New Delhi,,,
Ola,,500000000.0,,"Ola is India’s largest mobility platform and one of the world’s largest ride-hailing companies, serving 250+ cities across India, Australia, New Zealand, and the UK",2021.0,,2010.0,Mobility,Bangalore,Bhavish Aggarwal,Marquee international institutional investors,
Idha Skin Clinic,Seed funding,72999.84086034691,"Bangalore City, Karnataka, India",Idha skin clinic jayanagar is dedicated to restore health and natural beauty to your skin.,2018.0,Undisclosed,2018.0,Consumer Goods,Bangalore,,,
Glamyo Health,Series A,3000000.0,,Glamyo Health is an advanced healthcare co delivering a seamless experience for elective surgeries.,2021.0,,2019.0,Hospital & Health Care,New Delhi,"Archit Garg, Dr Preet Pal Thakur",Ananta Capital,
Porter,Series E,100000000.0,,Porter is India's Largest Marketplace for Intra-City Logistics.,2021.0,,2014.0,Logistics & Supply Chain,Bangalore,"Pranav Goel, Uttam Digga, Vikas Choudhary","Tiger Global, Vitruvian Partners",
Probus,Bridge,500000.0,,"A mission to increase the per capita consumption of electricity in India by 10X, which is presently 1/3 of global average- by reducing the distribution losses in Indian electricity distribution grid.",2021.0,,2017.0,IoT,New Delhi,"Anand Singh, Ankit Vaish, Sunny Kumar Jadoon",Unicorn India Ventures,
Safex Chemicals,,50000000.0,,Safex Chemicals India Ltd is a leading company having a strong foothold in the Indian agrochemicals industry.,2021.0,,1991.0,AgriTech,New Delhi,"SK Jindal, SK Chaudhary",BanyanTree Finance Pvt. Ltd.,
D’Moksha Homes,Seed funding,570000.0,,"Artisans handcraft exquisite and environment-friendly home linens using only the most sustainable fabrics like linen, hemp, and lyocell.",2021.0,,2020.0,Textiles,Mumbai,"Nimisha, Manav Dhanda","Apoorva Sharma, The Chennai Angels, Karthik Bhat",
Genworks Health,,2000000.0,,GENWORKS Health is an initiative by GE for empowering healthcare professionals operating in the rural areas to deliver better medical facilities and diagnostics while keeping things affordable.,2021.0,,2015.0,Healthcare,Bangalore,S Ganeshprasad,Blacksoil,
Oliveboard,,3000000.0,,Oliveboard is the top exam preparation platform for Banking & Government Exams.,2021.0,,2012.0,EdTech,Bangalore,"Abhishek Patil, V Satish Kumar",IAN Fund,
TartanSense,Series A,5000000.0,,TartanSense unlocks value for small farm holders by working at the intersection of robotics and AI assisted computer vision.,2021.0,,2015.0,Information Technology,Bangalore,Jaisimha Rao,"FMC, Omnivore, Blume Ventures",
HelloVerify,Seed funding,566999.3634413877,"Noida, Uttar Pradesh, India",HelloVerify is an online background check platform.,2018.0,Undisclosed,2018.0,Financial Services,Noida,,,
MFine,Series C,48000000.0,,"MFine aims to make access to trusted healthcare simple, fast, and effective.",2021.0,,2017.0,Hospital & Health Care,Bangalore,"Prasad Kompalli, Ashutosh Lawania","Moore Strategic Ventures, BEENEXT",
CredAvenue,Series A,90000000.0,,CredAvenue is an organization on a mission to deepen and power the $120Trillion global enterprise debt market which would unlock a GDP multiplier and thus create massive economic value.,2021.0,,2017.0,FinTech,Chennai,Gaurav Kumar,"Sequoia Capital, Lightspeed, TVS Capital Funds",
Green Cure,Series A,3600000.0,,World's first company to combine German Engineering with Indian Ayurveda in health products,2021.0,,2015.0,HealthCare,New Delhi,Sanchit Garg,Venture Catalysts,
Juspay,Series C,60000000.0,,Enable frictionless payments for the billion Indians.,2021.0,,2012.0,FinTech,Bangalore,"Vimal Kumar, Ramanathan RV",SoftBank Vision Fund 2,
Metadome,Series A,4000000.0,,"Metadome (formerly Adloid), is a Metaverse, that provides no-code infrastructure to millions of creators & brands, to build immersive experiences for the virtual world.",2021.0,,2017.0,Computer Software,Bangalore,"Kanav Singla, Prashant Sinha, Shorya Mahajan","Chiratae Ventures, Lenskart Vision Fund",
Karbon Card,Series A,1000000.0,,Karbon Card is a financial platform for Indian entrepreneurs.,2021.0,,2019.0,FinTech,Bangalore,"Amit Jangir, Bo Li, Jianwei Chen, Kartik Jain, Pei-fu Hsieh, Sunil Kumar","MyAsia VC, Orios Venture Partners",
MFine,Series C,48000000.0,,"MFine aims to make access to trusted healthcare simple, fast, and effective.",2021.0,,2017.0,Hospital & Health Care,Bangalore,"Prasad Kompalli, Ashutosh Lawania","Moore Strategic Ventures, BEENEXT",
SportZchain,Pre-Seed funding,400000.0,,SportZchain is India's first blockchain based platform poised to disrupt a multi-billion dollar fan engagement industry.,2021.0,,2021.0,sports,Mumbai,Siddharth Jaiswal,"Darq Capital, Jagadeesh Atukuri",
Buyofuel,Seed funding,100000.0,,Green Fuels Marketplace,2021.0,,2020.0,Oil & Energy,Coimbatore,"Kishan Karunakaran, Venkateswaran Selvan, Sumanth Kumar",Inflection Point Ventures,
Airblack,Series A,5200000.0,,Airblack is on a mission to help people convert their passion to a livelihood.,2021.0,,2019.0,IT startup,Gurugram,"Videt Jaiswal, Vaibhav Raj Gupta","Edge Ventures, Elevation Capital",
IndiQube,Series A,15000000.0,"Bengaluru, Karnataka, India",IndiQube is a provider of co-working spaces based in Bengaluru.,2018.0,Undisclosed,2018.0,Real Estate,Bangalore,,,
Droni Tech,Seed funding,510998.88602242846,"Mumbai, Maharashtra, India",Droni Tech manufacture UAVs and develop software to service a range of industry requirements.,2018.0,Undisclosed,2018.0,IT & Technology,Mumbai,,,
Mentza,Seed funding,400000.0,,"Make great conversations accessible to everyone through a vibrant, small, safe, and easy real-time audio platform",2021.0,,2020.0,E-learning,Mumbai,"Anurag Vaish, Tapasi Mittal, Fareesh Vijayarangam, Anand Parameswaran, Divya Balakrishnan",Inflection Point Ventures,
XYXX Apparels,Series A,4000000.0,,"XYXX Apparels,which runs an eponymous innerwear brand",2021.0,,2017.0,Fashion,Surat,Yogesh Kabra,,
NicheAI,Seed funding,566999.3634413877,"Hyderabad, Andhra Pradesh, India",Early stage Artificial Intelligence (AI) start up.,2018.0,Undisclosed,2018.0,IT & Technology,Hyderabad,,,
Acko General Insurance,Series A,12000000.0,"Mumbai, Maharashtra, India",Acko General Insurance is a digital insurance company in India that redefines insurance for the consumers.,2018.0,Undisclosed,2018.0,Financial Services,Mumbai,,,
Janani,Seed funding,1000000.0,,Janani.ai is a fertility care provider.,2021.0,,2020.0,Heathcare,Bangalore,Nilay Mehrotra,"Sweta Rau, 9Unicorns Accelerator Fund",
Mihuru,Seed funding,150000.0,"Mumbai, Maharashtra, India",Mihuru is an online platform which gives micro loans for air travel .,2018.0,Undisclosed,2018.0,Financial Services,Mumbai,,,
Udaan,Series C,225000000.0,"Bangalore, Karnataka, India","Udaan is a B2B trade platform, designed specifically for small and medium businesses in India.",2018.0,Undisclosed,2018.0,Business Services,Bangalore,,,
WinZO,Series C,65000000.0,,WinZO is the largest social gaming and entertainment platform in India.,2021.0,,2018.0,Gaming,New Delhi,Paavan Nanda,Griffin Gaming Partners,
Indifi,Debt,5000000.0,,Indifi Technologies is a digital lending platform that offers loans to those that have potential and intent.,2021.0,,2015.0,FinTech,Gurugram,"Alok Mittal, Siddharth Mahanot, Sundeep Sahi","Elevar Equity, Accel India",
Raptee Energy,,700000.0,,Raptee Energy Inc. is looking to accelerate the transition to smart and sustainable mobility!,2021.0,,2019.0,Automotive,Chennai,Phunith Kumar,,
GetWork,Seed funding,200000.0,,GetWork is a campus recruiting platform to post your jobs and hire across dozens of colleges at once.,2021.0,,2019.0,Recruitment,Gurugram,Rahul Veerwal,Artha Venture Fund,
Euler Motors,Series A,4000000.0,,Electric Light Commercial Vehicle,2021.0,,2018.0,Automotive,New Delhi,Saurav Kumar,"Jetty Ventures, Srinivas Anumolu",
IsGoingOnline,,200000.0,,Kochi-based digital catalogue and marketplace IsGoingOnline,2021.0,,2015.0,Retail,Cochin,Eobin Alex,"Unicorn India Ventures, SEA Fund, Devdatt Shah",
Ultraviolette,Series C,150000000.0,,Create and Inspire the future of sustainable urban transportation through Accelerated Innovation.,2021.0,,2021.0,Automotive,Bangalore,"Subramaniam Narayan, Niraj Rajmohan","TVS Motor, Zoho",
Ingenium,Seed funding,1000000.0,,Ingenium Education has been pushing e-learning by bringing small and medium sized institutes and schools online.,2021.0,,2018.0,EdTech,New Delhi,"Pramudit Somvanshi, Mohit Patel, Aakash Gupta",Lead Angels,
Chargeup,Series A,3600000.0,,"""Battery as a Service"" for 3 wheeler & 2 wheelers",2021.0,,2019.0,Renewable Energy,New Delhi,"Varun Goenka, Akshay Kashyap",Mapmyindia,
Playto Labs,Seed funding,500000.0,,Playto Labs provides robotics toys and online classes for kids to help them develop the key 21st century skills. Book a free trial for your child today at www.playtolabs.com,2021.0,,2021.0,E-learning,Bangalore,Pavan Ponnaganti,Inflection Point Ventures,
ExtraaEdge,Series A,1000000.0,,Data Science powered - Admission & Marketing CRM Automation for Education Enrolments,2021.0,,2015.0,MarTech,Pune,"Abhishek Ballabh, Sushil Mundada","9Unicorns Accelerator Fund, Indian Angel Network",
Accio Robotics,,3500000.0,,Accio Robotics is involved in the designing and manufacturing of state-of-the-art Robotics Automation solutions.,2021.0,,2020.0,Industrial Automation,Bangalore,"Tuhin Sharma, Pranav Srinivasan",Uday Sodhi,
CoinGeto,Seed funding,1751996.1806483262,"Delhi, Delhi, India",CoinGeto is one of India’s most advanced digital assets exchange.,2018.0,Undisclosed,2018.0,Financial Services,New Delhi,,,
BangDB,,3500000.0,,A Converged NoSQL Data Platform for Predictive and Real-Time analytics for Operational Intelligence,2021.0,,2015.0,Computer Software,Bangalore,Sachin Sinha,Ten Innovate,
Gyde,Seed funding,250000.0,,"Gyde is a SAAS product that enables enterprises & SAAS companies to guide their application (web & mobile) users with step-by-step voice assistance, byte-sized training videos & rich help articles.",2021.0,,2019.0,Computer software,Pune,"Prasanna Vaidya, Shubham Deshmukh","Better Capital, Ashish Achrekar",
IsGoingOnline,Series A,200000.0,,Kochi-based digital catalogue and marketplace IsGoingOnline,2021.0,,2015.0,Retail,Cochin,Eobin Alex,"Unicorn India Ventures, SEA Fund, Devdatt Shah",
Lido Learning,,10000000.0,,LIDO is an  ed-tech company revolutionizing formal classroom education through a unique and immersive online classroom for every child in India.,2021.0,,2019.0,E-learning,Mumbai,Sahil Sheth,Unilazer Ventures,
EduFund,Pre-Seed funding,300000.0,,Changing the way Indians evaluate and plan higher education,2021.0,,2020.0,FinTech,Gujarat,"Arindam Sengupta, Eela Dubey",View Trade Holding Corp,
SupplyNote,Series A,1200000.0,,"SupplyNote is Cloud based web and mobile enabled suite connecting outlets, service providers and suppliers.",2021.0,,2015.0,Food & Beverages,Noida,"Kushang, Abhishek Verma, Nitin Prakash, Harshit Mittal",Venture Catalysts,
Grinntech,,2000000.0,,"Grinntech is an investor backed, growth phase start-up, leading on all front of battery design for EV applications.",2021.0,,2013.0,Automotive,Chennai,"Nikhilesh Mishra, Puneet Jain",,
Boingg,Seed funding,200000.0,,D2C furniture brand,2021.0,,2019.0,Furniture,Gurugram,"Neha Indoria, Dhruvan Barar",Inflection Point Ventures,
SuperBeings,Seed funding,1000000.0,,"Continuous Leadership Development & Employee Engagement platform. Improve Leadership, Culture and Experience real-time.",2021.0,,2019.0,Computer software,Bangalore,"Yasharth Mishra, Gaurav Bhawnani, Kunal Mishra",Endiya Partners,
Bambinos,Seed funding,500000.0,,Cohort based extracurricular course for kids,2021.0,,2020.0,EdTech,Bangalore,"Ashish Gupta, Ankit Hetamsaria","HNIs, Angels",
Insane AI,Seed funding,800000.0,,Mainstream fitness formats are a primitive solution to the modern problems of a sedentary lifestyle.,2021.0,,2021.0,Fitness,Bangalore,"Anurag Mundhada, Jayesh Hannurkar, Sourabh Agrawal",pi Ventures,
iBus,,21000000.0,,iBus Networks is an in-building connectivity solutions company,2021.0,,2010.0,Telecommuncation,Bangalore,"Ram Sellaratnam, Sunil Menon and Subash Vasudevan",Morgan Stanley,
BricSpaces,Pre-Seed funding,350000.0,,"A prop-tech company that finds and customizes offices, living, or retail spaces based on your requirements.",2021.0,,2018.0,Real estate,Bangalore,Madhusudhan,Angel investors,
MetroRide,,3500000.0,,"Urban Mobility Affordable, Punctual & Sustainable.",2021.0,,2020.0,Transportation,Bangalore,"Girish Nagpal, Kaaman Agarwal",,
Wishup,Seed funding,566999.3634413877,"Azadpur, Delhi, India",Premium Personal Assistance service,2018.0,Undisclosed,2018.0,IT & Technology,Azadpur,,,
CredR,,6500000.0,,CredR is India’s Most Trusted Used Two-Wheeler Consumer Brand that leverages Technology & Processes to simplify the Used Two-wheeler Market.,2021.0,,2015.0,Automotive,Bangalore,Sasidhar Nandigam,"Yamaha Motors, Omidyar Network India, Eight Roads Ventures",
DealShare,,9000000.0,,DealShare is a Social Commerce Startup,2021.0,,2018.0,E-commerce,Jaipur,"Sankar Bora, Sourjyendu Medda, Vineet Rao","Tiger Global Management, InnoVen Capital",
ZestMoney,Series C,50000000.0,,"ZestMoney helps make it accessible for millions to upgrade, to enhance, to rise, while keeping it affordable.",2021.0,,2015.0,Financial Services,Bangalore,"Priya Sharma, Lizzie Chapman",Zip Co,
Anar,Seed funding,6200000.0,,Anar Business Community App is a platform where businesses can create their free profile and grow their business network all over India.,2021.0,,2019.0,Information Technology & Services,Mumbai,"Nishank Jain, Sanjay Bhat","Elevation Capital, Accel India",
Medikabazaar,Series C,75000000.0,,"Medikabazaar, India’s pioneering and largest online B2B marketspace for medical supplies and equipment.",2021.0,,2014.0,Healthtech,Mumbai,"Vivek Tiwari, Ketan Malkan","CDC Group, Creaegis",
GlobalBees,Series B,111000000.0,,Globalbees partners with entrepreneurs who have built an online-first business.,2021.0,,2021.0,E-commerce,New Delhi,"Nitin Agarwal, Supam Maheshwari","Premji Invest, Steadview Capital",
Chai Kings,Seed funding,291999.36344138766,"Chennai, Tamil Nadu, India",Chai Kings is a tea retail chain,2018.0,Undisclosed,2018.0,Consumer Goods,Chennai,,,
Alpha Coach,,1200000.0,,One to One Personal Fitness Coaching,2021.0,,2021.0,Professional Training & Coaching,Mumbai,Ketan Mavinkurve,Jani Ventures INC,
Headfone,Seed funding,3000000.0,,Headfone helps create and share the audio content with listeners.,2021.0,,2017.0,Social audio,Bangalore,"Pratham Khandelwal, Yogesh Sharma",Hashed,
Genext Students,,3500000.0,,"LIVE online classes with expert tutors for K-12 for CBSE, ICSE and State Boards.",2021.0,,2013.0,EdTech,Mumbai,"Ali Asgar Kagzi, Piyush Dhanuka",Navneet Education,
Pine Labs,,100000000.0,,A merchant platform company that provides financing and last-mile retail transaction technology to merchants,2021.0,,1998.0,Information Technology & Services,Noida,Amrish Rau,Invesco Developing Markets Fund,
ApplicateAI,Series A,30000000.0,,"‘ApplicateAI’ is an integrated AI BOT platform for Enterprise with defined and curated work-flows for Sales, Consumer Engagement and Employee support and engagement.",2021.0,,2014.0,Information Technology & Services,Gurugram,"Madhusudan Atmakuri, Ranjeet Kumar",,
GoSats,Seed funding,700000.0,,GoSats is a bitcoin stacking app that lets users earn bitcoin cashbacks when they shop with our partnered merchants.,2021.0,,2020.0,FinTech,Bangalore,"Mohammed Roshan, Roshni Aslam","Alphabit Fund, Fulgur Ventures, Stacks Accelerator, SBX Capital",
MediBuddy,Debt,3000000.0,,"MediBuddy is a digital healthcare platform for inpatient hospitalization, outpatient services, and corporate wellness benefits.",2021.0,,2000.0,EdTech,Bangalore,Satish Kannan,"InnoVen Capital, TEAMFund",
FloCareer,Series A,5700000.0,,"The Best Skills Validation Platform that provides ""Interview As-A-Service""?.",2021.0,,2018.0,Information Services,Bangalore,"Mohit Jain,  Mehul Bhatt",Data Point Capital,
CHARGE+ZONE,,10000000.0,,CHARGE+ZONE is a tech-driven EV Charging infrastructure company specializing in B2B and B2C charging services on both dedicated and opportunity based charging using smart-grid network.,2021.0,,2018.0,Automotive,Vadodara,Kartikey Hariyani,Venture Catalysts,
Bizongo,Series C,51000000.0,,Bizongo is a business-to-business online marketplace for packaging products.,2021.0,,2015.0,B2B E-commerce,Mumbai,"Aniket Deb, Ankit Tomar, Sachin Agrawal","CDC Group, IDG Capital",
Neverinstall,Seed funding,370000.0,,A cloud platform to bring any GUI application regardless of OS and Device type to the browser.,2021.0,,2019.0,Information Technology,Bangalore,"Lakshmana Pasala, Ram Pasala",Speciale Invest,
Aerchain,Series A,3000000.0,,Advance Source-to-Pay cycle to a new level with Artificial Intelligence!,2021.0,,2019.0,Computer Software,Bangalore,"Harsha Kadimisetty, Himavanth Jasti","Season Two Ventures, IndiaMart",
Leap Finance,Series B,17000000.0,,Leap Finance is a fintech startup for Indian students pursuing international higher education,2021.0,,2019.0,FinTech,Bangalore,Vaibhav Singh,Jungle Ventures,
Avishkaar,Series A,600000.0,,India's leading Ed-Tech startup spearheading the Maker Revolution in the sub-continent,2021.0,,2014.0,EdTech,New Delhi,"Rajeev Gaba, Tarun Bhalla",Auxano,
Aarav Unmanned Systems,Seed funding,566999.3634413877,"Bangalore, Karnataka, India",Professional Drones for Enterprise Applications,2018.0,Undisclosed,2018.0,Transportation & Logistics,Bangalore,,,
PazCare,,3500000.0,,Paz Care is India's leading Employee Benefits & Health insurance platform,2021.0,,2021.0,Insuretech,Bangalore,Sanchit Malik,"Ashish Hemrajani, Parikshit Dar",
Neokred,Seed funding,500000.0,,Democratizing Open Banking,2021.0,,2019.0,FinTech,Bangalore,"Tarun Nazare, Rohith Reji","Virenxia Group, Rajesh Jain, Nitin Agarwal",
LivQuik,Corporate Round,2700000.0,"Mumbai, Maharashtra, India",LivQuik was incorporated with the vision to simplify payments for merchants and consumers in an increasingly digital world,2018.0,Undisclosed,2018.0,Financial Services,Mumbai,,,
SmartCoin,,10000000.0,,India's Most Preferred Instant Loan App,2021.0,,2016.0,FinTech,Bangalore,"Jayant Upadhyay, Amit Chandel, Rohit Garg","Northern Arc, Vivriti Capital",
Porter,Series E,100000000.0,,Porter is India's Largest Marketplace for Intra-City Logistics.,2021.0,,2014.0,Logistics & Supply Chain,Bangalore,"Pranav Goel, Uttam Digga, Vikas Choudhary","Tiger Global, Vitruvian Partners",
Plum,Series A,15000000.0,,High quality health insurance and health benefits,2021.0,,2019.0,HealthCare,Bangalore,"Abhishek Poddar, Saurabh Arora","Harsh Jain, Lalit Keshre",
OYO,,200000000.0,,OYO operates a branded network of hotels designed to offer standardized stay experiences.,2021.0,,2012.0,Hospitality,Gurugram,Ritesh Agarwal,Hindustan Media Venture,
Quizizz,Series A,12500000.0,,Quizizz is a Education based startup,2021.0,,2015.0,EdTech,Bangalore,"Ankit Gupta, Deepak Joy Cheenath","Eight Roads Ventures India, Nexus Venture Partners",
Gobillion,Seed funding,2900000.0,,Redefining social commerce for Tier 2+ cities in India - making e-commerce SOCIAL!,2021.0,,2020.0,Social commerce,New Delhi,"Roshan Farhan, Kulapradip Bharali","YCombinator, Justin Mateen, Pioneer Fund",
BharatPe,Series E,370000000.0,,"BharatPe launched India’s first UPI interoperable QR code, first ZERO MDR payment acceptance service, and first UPI payment backed merchant cash advance service.",2021.0,,2018.0,FinTech,New Delhi,"Ashneer Grover, Shashvat Nakrani",Tiger Global,
Spinny,Series E,248000000.0,,Spinny is a new age used car end-to-end platform in India.,2021.0,,2015.0,Automotive,Gurugram,"Niraj Singh, Mohit Gupta, Ramanshu Mahaur","Abu Dhabi Growth Fund, Tiger Global",
Rentomojo,,10000000.0,,"Furniture, appliances, electronics, and fitness products on monthly rental subscriptions.",2021.0,,2014.0,Furniture Rental,Bangalore,Geetansh Bamania,"Accel, Bain Capital",
Questt,Series A,6750000.0,,Questt is a Free online homework app that lets teachers assign gamified homework to students.,2021.0,,2020.0,EdTech,Gurugram,"Akhil, Mohsin M, Rohit Pande",Celesta Capital,
ePayLater,Series B,10000000.0,,ePaylater is a payment solution that aims to separate the experience of shopping from the hassles of payment process.,2021.0,,2015.0,Financial Services,Mumbai,"Aurko Bhattacharya, Akshat Saxena","Responsibility, Blue Ashva Capital, Pravega Ventures",
Spinny,Series D,108000000.0,,Spinny is a new age used car end-to-end platform in India.,2021.0,,2015.0,Automotive,Gurugram,"Niraj Singh, Mohit Gupta, Ramanshu Mahaur",Tiger Global,
Mailmodo,Seed funding,2000000.0,,Mailmodo is a complete email marketing solution enabling users to create and send app-like interactive emails to improve email conversions.,2021.0,,2020.0,Marketing & Advertising,Bangalore,"Aquibur Rahman, Apurv Gupta, Devyesh Tandon","Sequoia’s Surge, Y Combinator",
Arbo Works,,3500000.0,,Finance technology,2021.0,,2021.0,Computer Software,"Mountain View, CA",Caesar Sengupta,Sequoia Capital,
Knackit,,100000.0,,Knackit is a talent sharing platform where users can showcase and monetize their artistry.,2021.0,,2019.0,IT startup,Bangalore,"Pranjal Kumar, Akanksha Bhardwaj",Jyoti Bansal,
NODWIN,,20000000.0,,NODWIN Gaming is a gaming solutions company and creator of e-sports events.,2021.0,,2012.0,Gaming,Gurugram,Gautam Virk,Krafton,
Tickertape,,5000000.0,,"Tickertape provides data, information & content for Indian stocks, ETFs & indices",2021.0,,2019.0,Financial Services,Bangalore,Ujjwal Ankur,Smallcase,
R for Rabbit,,5000000.0,,The concept of R for Rabbit was conceived after the founder of the company was blessed with a baby.,2021.0,,2014.0,Consumer Goods,Ahmedabad,Kunal Popat,Xponentia Capital Partners,
Vedic Cosmeceuticals,Series A,32000000.0,,One of india’s most trusted and technologically advanced white label manufacturer in the personal care space,2021.0,,2002.0,Cosmetics,Noida,Mohit Goel,Sixth Sense Ventures,
Infra.Market,Series C,100000000.0,,Infra.Market is an online procurement marketplace for every category of materials and products needed for building projects.,2021.0,,2016.0,Construction,Thane,"Aaditya Sharda, Souvik Sengupta","InnoVen Capital, Nexus Venture Partners",
Avail Finance,Series A,17200000.0,"Bangalore, Karnataka, India",Avail is a mobile-first platform aiming to financially include the urban mass of India.,2018.0,Undisclosed,2018.0,Financial Services,Bangalore,,,
Spardha,Series A,400000.0,,"Spardha School Of Music, Spardha Academy, Spardha Online are associated marks with Spardha Learnings Private Limited.",2021.0,,2016.0,EdTech,Pune,"Saurabh Srivastav, Amrita Srivastav",Inflection Point Ventures,
APAC Financial Services,Private Equity,36499920.43017346,"Mumbai, Maharashtra, India",APAC Financial Services is a financial services platform.,2018.0,Undisclosed,2018.0,Financial Services,Mumbai,,,
Pocket Aces,,2000000.0,,Pocket Aces is a digital entertainment company focused on mobile video.,2021.0,,2013.0,Media,Mumbai,"Anirudh Pandita, Aditi Shrivastava, Ashwin Suresh","3one4 Capital, DSP Group",
Ati Motors,Series A,35000000.0,,Autonomous industrial vehicle maker,2021.0,,2017.0,Automotive,Bangalore,"Saurabh Chandra, Saad Nasser","Blume Ventures, Exfinity Venture Partners",
Kenko Health,Series A,1700000.0,,"A unique healthcare financing solution focusing on ROI, affordability and superior customer experience",2021.0,,2019.0,Insuretech,Mumbai,"Aniruddha Sen, Dhiraj Goel","BEENEXT, Orios",
Shyplite,,1000000.0,,Enable E-retailers to automate their logistics and increase efficiency in shipments by providing a single window shipping platform,2021.0,,2016.0,Logistics,New Delhi,"Nisschal Jain,  Sugam Jain, Parinay Itkan",N+1 Capital,
Next Digital Solutions,Seed funding,1459.9968172069384,"Kota, Rajasthan, India",Next Digital Solutions is website design & Digital Marketing development company.,2018.0,Undisclosed,2018.0,Media & Entertainment,Kota,,,
Dee Dee Labs,Seed funding,566999.3634413877,"Pune, Maharashtra, India",Dee Dee Labs is design and development lab with a primary focus on the development of next generation of bionic prostheses.,2018.0,Undisclosed,2018.0,IT & Technology,Pune,,,
Kaar Technologies,,4000000.0,,"Kaar Technologies is an SAP global consultancy firm that designs, delivers and deploys cutting-edge SAP solutions for businesses around the world.",2021.0,,2005.0,Information Technology & Services,Chennai,Maran Nagarajan,BlackSoil,
RIPPLR,Series B,12000000.0,,India’s first Plug-n-Play distribution ecosystem for brands,2021.0,,2019.0,Logistics & Supply Chain,Bangalore,"Abhishek Nehru, Santosh Dabke","Sojitz Corporation, Stride Ventures",
INDwealth,Seed funding,32119929.978552643,"Gurgaon, Haryana, India",INDwealth is an Artificial Intelligence (AI) powered wealth management company,2018.0,Undisclosed,2018.0,Financial Services,Gurgaon,,,
OneCode,,5000000.0,,"OneCode is a platform which connects new age digital first brands with ""relevant"" sellers (aka OneCoders) to sell their products and services",2021.0,,2020.0,Internet,Bangalore,"Manish Shara, Yash Desai","Sequoia’s Surge, Nexus Venture Partners",
Leap India,,10000000.0,,"""Leading Enterprise in Asset Pooling"" India's Largest Sustainable Supply Chain Solutions Company.",2021.0,,2013.0,Logistics & Supply Chain,Mumbai,Anurag Malempati,CDC Group,
Superpro.ai,Seed funding,3000000.0,,Enabling independent professionals to bring offline consulting online with AI,2021.0,,2019.0,Video communication,Bangalore,"Gaurav Tripathi, Sagar Ramteke, Vijay Goel, Vivek Kumar","SOSV, Omphalos Ventures India",
CoffeeMug.ai,Pre-Seed funding,620000.0,,"A video first global platform of senior professionals, connecting 1:1, virtually or over coffee, building a powerful, long-lasting relationship.",2021.0,,2020.0,Networking,New Delhi,"Abhishek Sharma, Dipti Tandon","Paradigm Shift Capital, AngelList India",
Nivesh.com,Seed funding,437999.0451620816,"Noida, Uttar Pradesh, India",Nivesh.com is a mass market mutual funds investment platform.,2018.0,Undisclosed,2018.0,Financial Services,Noida,,,
Survaider,Seed funding,500000.0,"Bengaluru, Karnataka, India",Stethoscope for customer feedback !,2018.0,Undisclosed,2018.0,Business Services,Bangalore,,,
Trell,Series B,45000000.0,,India's Largest Lifestyle Social Commerce platform. Empowering millions of storytellers & Micro-Entrepreneurs.,2021.0,,2016.0,Social commerce,Bangalore,"Pulkit Agarwal, Prashant Sachan, Arun Lodhi, Bimal Kartheek Rebba","Mirae Asset, H&M",
Indi Energy,Seed funding,1000000.0,,"Indi Energy is an energy storage startup involved in R&D of next generation battery technologies, with superior performance than current counterparts.",2021.0,,2019.0,Renewables & Environment,Roorkee,Dr. ASIT SAHOO,Mumbai Angels Network,
GoBolt,Series B,20000000.0,,"GoBOLT is a tech-logistics company operating in Line Haul & Short Haul Trucking, creating value through dis-intermediation, increased asset utilization and extensive use of technology.",2021.0,,2015.0,Logistics,Gurugram,"Naitik Baghla, Parag Aggarwal, Sumit Sharma","Paragon Partners, Aavishkaar Capital",
Karbon Card,Series A,1000000.0,,Karbon Card is a financial platform for Indian entrepreneurs.,2021.0,,2019.0,FinTech,Bangalore,"Amit Jangir, Bo Li, Jianwei Chen, Kartik Jain, Pei-fu Hsieh, Sunil Kumar","MyAsia VC, Orios Venture Partners",
Codingal,Seed funding,1200000.0,,Codingal is on a mission to inspire school kids to fall in love with coding. Backed by Y Combinator!,2021.0,,2020.0,EdTech,Bangalore,"Vivek Prakash, Satyam Baranwal",,
HealthifyMe,Series C,75000000.0,,HealthifyMe is a revolutionary health and fitness application that is on a mission to transform a billion lives!,2021.0,,2012.0,Healthcare,Bangalore,"Tushar Vashisht, Sachin Shenoy","LeapFrog, Khosla Ventures",
CloudSEK,Series A,7000000.0,,AI-powered Digital Risk Monitoring platform that provides real-time visibility of cyber threats and actionable Intel.,2021.0,,2015.0,Computer & Network Security,Bangalore,Rahul Sasi,MassMutual Ventures,
Better Capital,,15000000.0,,"Better is a top-tier India-focused pre-seed venture firm with a portfolio of 100+ companies including stellar successes like Rupeek, Open, Khatabook, Bijak",2021.0,,2006.0,Venture Capital & Private Equity,Santra,Vaibhav Domkundwar,,
SleepyCat,,3800000.0,,An online sleep solutions company that believes in delivering luxurious sleep to everyone.,2021.0,,2017.0,Furniture,Mumbai,Kabir Siddiq,"Saama Capital, DSG Consumer Partners, Sharrp Ventures",
BharatPe,Debt,10000000.0,,BharatPe develops a QR code-based payment app for offline retailers and businesses.,2021.0,,2018.0,FinTech,New Delhi,"Ashneer Grover, Shashvat Nakrani","InnoVen Capital, Steadview Capital",
Wishberry,Series A,1459996.8172069383,"Mumbai, Maharashtra, India",Wishberry is a rewards-based crowdfunding platform that enables users to raise funds for their creative and innovative ideas.,2018.0,Undisclosed,2018.0,Financial Services,Mumbai,,,
ZiffyHomes,Seed funding,120000.0,"New Delhi, Delhi, India",ZiffyHomes is a technology driven marketplace to find out home on rent.,2018.0,Undisclosed,2018.0,Retail,New Delhi,,,
Boutique Spirit Brands,,10000000.0,,Boutique Spirit Brands is a leading Brand creation & manufacturing company of Branded alcoholic beverages in India.,2021.0,,2016.0,Wine & Spirits,New Delhi,Rahul Gagerna,"IIFL﻿, ﻿Anicut Angel Fund﻿, ﻿Kae Capital﻿, TradeCred",
leap.club,Series A,810000.0,,A community-led professional network for women,2021.0,,2014.0,Community,Gurugram,"Ragini Das, Anand Sinha","Enzia Ventures, Kunal Shah",
Leap Finance,Series B,17000000.0,,Leap Finance is a fintech startup for Indian students pursuing international higher education,2021.0,,2019.0,FinTech,Bangalore,Vaibhav Singh,Jungle Ventures,
MediBuddy,Series B,40000000.0,,MediBuddy is a Trusted Digital Platform for Cashless Healthcare. MediBuddy connects patients with doctors and hospitals.,2021.0,,2000.0,HealthTech,Bangalore,"atish Kannan, Enbasekar","IDFC Private Equity, Bessemer Venture Partners",
Taikee,,1000000.0,,"Taikee is the ISO-certified, B2B e-commerce platform of Peel-Works, enabling better lives for corner stores.",2021.0,,2010.0,E-commerce,Mumbai,"Nidhi Ramachandran, Sachin Chhabra",,
Haazri,Seed funding,182499.6021508673,"Mumbai, Maharashtra, India",Haazri is a tea and snack quick service restaurant startup,2018.0,Undisclosed,2018.0,Consumer Goods,Mumbai,,,
Khatabook,Series C,100000000.0,,Khatabook is the world's fastest-growing Saas company. It has become India's leading business management app for MSMEs with 50M+ downloads in a remarkably short period of time.,2021.0,,2018.0,Financial Services,Bangalore,"Ravish Naresh, Ashish Sonone","Tribe Capital, Moore Strategic Ventures (MSV)",
Furlenco,,100000000.0,,Furlenco is a different furniture company.,2021.0,,2012.0,Consumer Goods,Bangalore,Ajith Mohan Karimpana,Zinnia Global,
Virohan,,3500000.0,,Virohan is an edtech company using technology to prepare a future-ready workforce for the healthcare industry.,2021.0,,2018.0,EdTech,Gurugram,"Archit Jayasal, Kunaal Dudeja, Nalin Saluja","National Skill Development Corporation, Rianta Capital",
Safex Chemicals,,50000000.0,,Safex Chemicals India Ltd is a leading company having a strong foothold in the Indian agrochemicals industry.,2021.0,,1991.0,AgriTech,New Delhi,"SK Jindal, SK Chaudhary",BanyanTree Finance Pvt. Ltd.,
VerSe Innovation,,450000000.0,,"The core of the company (VerSe Innovation), is the idea that technology can help bridge the digital divide.",2021.0,,2018.0,Media,Bangalore,Umang Bedi,"Siguler Guff, Baillie Gifford",
Shadez,Series A,200000.0,,"Smart painting process, latest automatic tools and professional painters make the process faster than any other conventional process of painting .",2021.0,,2019.0,Consumer Services,Mumbai,"Adarsh Anand, Amit Tiwari",Inflection Point Ventures,
Get My Parking,,6000000.0,,"Get My Parking, is a B2B Platform-as-a-Service company.",2021.0,,2015.0,Mobility,New Delhi,"Chirag Jain, Rasik Pansare","IvyCap Ventures, IAN Fund",
Pine Labs,,600000.0,,A merchant platform company that provides financing and last-mile retail transaction technology to merchants,2021.0,,1998.0,Information Technology,Noida,Amrish Rau,"Fidelity, BlackRock",
RenewBuy,Series C,45000000.0,,Simplest way to renew car insurance. Get quote and insure car in couple of minutes,2021.0,,2015.0,Insuretech,Gurugram,"Balachander Sekhar, Sandeep Nanda","Lok Capital, IIFL Asset Management",
DotPe,Seed funding,8000000.0,,"DotPe is an innovative offline technology platform digitising merchant's customer engagement with mobile discovery, ordering and payments.",2021.0,,2019.0,FinTech,Gurugram,"Anurag Gupta, Gyanesh Sharma, Shailaz Nag","Info Edge, Ruizheng Investment",
O’ Be Cocktails,,400000.0,,India’s first and only Ready to Drink Premium Cocktails.,2021.0,,2019.0,Wine & Spirits,Bangalore,Nitesh Prakash,"First Cheque, Letsventure",
Deciwood,,200000.0,,"Deciwood makes Eco-friendly wooden speakers using latest technology of Energy tube to enhance sound quality, all products are handmade by skilled people of the industry.",2021.0,,2018.0,Consumer Electronics,New Delhi,Ananya Meena,"Shuru Up, Ankit Kedia, Arun Gupta",
ElasticRun,Series D,75000000.0,,ElasticRun develops an online system that improves the reception of orders from customers and the dispatch of delivery drivers.,2021.0,,2015.0,E-commerce,Pune,"Sandeep Deshmukh, Saurabh Nigam, Shitiz Bansal","Avataar Venture Partners, Kalaari Capital",
Finzy,Seed funding,1300000.0,"Bangalore, Karnataka, India",finzy is the premier peer to peer lending solution in India.,2018.0,Undisclosed,2018.0,Financial Services,Bangalore,,,
Aye Finance,Series A,1051197.7083889956,"Gurgaon, Haryana, India",Aye Finance provides financial services to micro and small businesses in Northern India.,2018.0,Undisclosed,2018.0,Financial Services,Gurgaon,,,
OYO,Series E,100000000.0,"Gurgaon, Haryana, India",OYO is an Indian hospitality startup that operates a network of budget hotels.,2018.0,Undisclosed,2018.0,Travel & Tourism,Gurgaon,,,
Wakefit,Series A,9489979.3118451,"Bangalore, Karnataka, India",Wakefitkart is a mattress manufacturing company. We manufacture the best quality mattresses at affordable prices.,2018.0,Undisclosed,2018.0,Manufacturing,Bangalore,,,
Aviom India,Series C,8000000.0,,AVIOM India Housing Finance Pvt. Ltd. is a venture started by experienced professionals with a vision to improve the standard of living of families from the informal sector in rural areas,2021.0,,2016.0,Financial Services,Bhilwara,Kajal Ilmi,Sabre Partners,
Ecom Express,,20000000.0,,Ecom Express is an end-to-end technology-enabled logistics solutions provider to the Indian e-commerce industry.,2021.0,,2012.0,E-commerce,New Delhi,"K. Satyanarayana, Manju Dhawan, Sanjeev Saxena, T. A. Krishnan","CDC Group, Partners Group",
KiranaKart,Pre-Seed funding,720000.0,,A better model for instant grocery delivery in India.,2021.0,,2020.0,E-commerce,Mumbai,"Kaivalya Vohra, Aadit Palicha",Global Founders Capital,
Nua,Seed funding,566999.3634413877,"Mumbai, Maharashtra, India",Nua is an e-commerce and feminine care brand platform focused on creating women care products.,2018.0,Undisclosed,2018.0,Consumer Goods,Mumbai,,,
ixigo,,53000000.0,,"AI-based travel app offering seamless planning and booking for flights, trains, buses, hotels and more!",2021.0,,2007.0,IT,Gurugram,"Rajnish Kumar, Aloke Bajpai","GIC, Infoedge",
Biocon Biologics,,70000000.0,,"Biocon is a fully integrated pure play biosimilars organization, globally engaged in developing high quality affordable biosimilars.",2021.0,,1978.0,BioTechnology,Bangalore,Kiran Mazumdar-Shaw,"Goldman Sachs, Tata Capital",
Taikee,,1000000.0,,"Taikee is the ISO-certified, B2B e-commerce platform of Peel-Works, enabling better lives for corner stores.",2021.0,,2010.0,E-commerce,Mumbai,"Nidhi Ramachandran, Sachin Chhabra",,
Fashinza,Seed funding,2600000.0,,Fashinza is a B2B manufacturing marketplace that solves apparel/fashion supply chain challenges.,2021.0,,2020.0,B2B Manufacturing,Gurgaon,"Abhishek Sharma, Pawan Gupta","Accel Partners, Elevation Capital",
Newton School,Series A,5000000.0,,Newton School is a platform to learn and develop skills that you need for your best Tech career.,2021.0,,2019.0,EdTech,Bangalore,"Nishant Chandra, Siddharth Maheshwari","RTP Global, Harshil Mathur",
Answer Genomics,,3500000.0,,A healthcare company that uses genome-based data to help individuals make decisions.,2021.0,,2019.0,HealthCare,Bangalore,Rahul Ranganathan,"India Accelerator, Lyxel&Flamingo",
ApnaKlub,Series A,3600000.0,,Supporting independent businesses and retail entrepreneurs with better than market wholesale prices and supply chain.,2021.0,,2020.0,E-commerce,Bangalore,"Shruti, Manish Kumar","Blume Ventures, Whiteboard Capital",
WheelsEMI,Series B,14000000.0,"Pune, Maharashtra, India","WheelsEMI is the brand name of NBFC, WheelsEMI Pvt. Ltd.",2018.0,Undisclosed,2018.0,Financial Services,Pune,,,
Doubtnut,Series B,30000000.0,,"Doubtnut operates as an e-learning platform that enables users to ask study questions in Physics, Chemistry, and Math.",2021.0,,2016.0,EdTech,Gurugram,"Aditya Shankar, Tanushree Nagori","Omidyar Network, Tencent Holdings",
MYRE Capital,Undisclosed,6000000.0,,Democratising Real Estate Ownership,2021.0,,2020.0,Commercial Real Estate,Mumbai,Own rent yielding commercial properties,Aryaman Vir,
NirogStreet,Series A,2500000.0,,Nirogstreet as a concept is working to make #Ayurveda first call of treatment.,2021.0,,2018.0,Healthcare,New Delhi,Ram N Kumar,"Gokul Rajaram, Pureland Venture, Wavemaker Partners",
Mestastop Solutions,,100000.0,,"Mestastop aims to provide a solution for such challenges with their unique proprietary platforms, METAssay, METSCAN, and METVivo.",2021.0,,2018.0,Biotechnology,Bangalore,Dr Arnab Roy Chowdhury,CIIE.CO,
Voiro,Series A,1800000.0,,Voiro is the first all-in-one revenue management suite exclusively for ad-led digital publishers across media.,2021.0,,2014.0,Advertisement,Bangalore,"Anand Gopal, Kavita Shenoy",1Crowd,
Open Secret,Undisclosed,6000000.0,,It produces and sells top quality snacks,2019.0,,,Consumer Goods,,"Ahana Gautam, Udit Kejriwal",Matrix Partners,
MY CHIRAAG CAB,Seed funding,1000000.0,"Jaipur, Rajasthan, India",MY CHIRAAG CAB SERVICES PVT LTD,2018.0,Undisclosed,2018.0,Travel & Tourism,Jaipur,,,
NIRAMAI,,3500000.0,,"NIRAMAI has developed a novel breast cancer screening solution that uses Thermalytix, i.e. machine intelligence over thermography images.",2021.0,,2016.0,HealthCare,Bangalore,Geetha Manjunath,CDC Group,
Racetrack,Seed funding,4993189.114847729,"Bangalore, Karnataka, India","Racetrack is a sales and support-focused AI-driven platform designed for education, real estate, and e-commerce sectors.",2018.0,Undisclosed,2018.0,IT & Technology,Bangalore,,,
QuickSell,Series A,2000000.0,,B2B Mobile Commerce Platform,2021.0,,2017.0,E-commerce,Mumbai,Deepak Bhagchandani,"Sanjay Baldwa, Ajay Jain",
ZestMoney,Series C,50000000.0,,"ZestMoney helps make it accessible for millions to upgrade, to enhance, to rise, while keeping it affordable.",2021.0,,2015.0,Financial Services,Bangalore,"Priya Sharma, Lizzie Chapman",Zip Co,
Locus,Series C,50000000.0,,Locus is an intelligent decision-making and automation platform for logistics.,2021.0,,2015.0,Logistics,Bangalore,"Geet Garg, Nishith Rastogi","Blume Ventures, Exfinity Venture Partners",
Phable,Series A,12000000.0,,Mobile App for Patients and Doctors,2021.0,,2017.0,HealthTech,Bangalore,"Mukesh Bansal, Prasanth Reddy, Sumit Sinha","Fresco Capital, Social Starts",
Intervue,Seed funding,1000000.0,,World's fastest collaborative environment to take tech interviews.,2021.0,,2021.0,SaaS startup,New Delhi,"Rahul Arora, Pushpender Singh Rautela","Titan Capital, Kunal Shah",
Phi Commerce,Series A,4000000.0,,"Payments Facilitator, Payments solution provider etc.",2021.0,,2015.0,FinTech,Pune,"Anil Sharma, Jose Thattil, Rajesh Londhe, Tushar Shankar","Yatra Angel Network, BEENEXT",
ION Energy,Series A,3600000.0,,Advanced Electronics & Software Supplier for Electric Vehicles & Battery Energy Storage,2021.0,,2016.0,Automotive,Mumbai,Akhil Aryan,,
HappyCredit,Pre-Seed funding,600000.0,,"HappyCredit is on a mission to make online shopping delightful for 400mn bharat shoppers with credit, rewards, shopping inspiration and more.",2021.0,,2020.0,FinTech,Bangalore,"Jitendra Kumar, Ashish Virmani","Kunal Shah, Krishna Kumar",
Express Stores,Seed funding,1000000.0,,Express Stores is a retail and omnichannel startup company,2021.0,,2019.0,E-commerce,Gurugram,"Apoorv Jain, Kartik Gupta","Venture Highway, Rohit Bansal",
BharatAgri,Series A,6500000.0,,Provide personalized farm solution to the farmers. Only app to provide actionable insights based on weather changes.,2021.0,,2017.0,AgriTech,Bangalore,"Sai Gole, Siddharth Dialani","Omnivore, India Quotient",
Homeville,,7000000.0,,A technology company focused on helping people buy their first home with down payment assistance at zero interest cost.,2021.0,,2017.0,Information Technology & Services,Mumbai,Madhusudan Sharma,"9Unicorns, Varanium NexGen Fund",
Puresh Daily,Seed funding,100000.0,,PUREandFRES-Milk delivers fresh milk directly from its farm to home. Fresh Milk without any trace of chemicals is packed and sealed in glass bottle.,2021.0,,2019.0,Milk startup,Ranchi,"Manish Piyush, Ayush Kumar","Alfa Ventures, Agility Venture Partners",
Hippo Video,Seed funding,566999.3634413877,"Chennai, Tamil Nadu, India",A video recording and sharing software.,2018.0,Undisclosed,2018.0,Business Services,Chennai,,,
ORO Wealth,Series A,1600000.0,"Mumbai, Maharashtra, India",Online wealth management platform,2018.0,Undisclosed,2018.0,Financial Services,Mumbai,,,
MissMalini Entertainment,Seed funding,1518396.689895216,"Mumbai, Maharashtra, India","MissMalini Entertainment is a multi-platform new media network dedicated to Entertaining, Connecting & Empowering young Indians.",2018.0,Undisclosed,2018.0,Media & Entertainment,Mumbai,,,
Tripeur,Seed funding,600000.0,"Bengaluru, Karnataka, India",Radical Travel Automation - Cloud Based Corporate Travel & Expense Management Software,2018.0,Undisclosed,2018.0,IT & Technology,Bangalore,,,
Euler Motors,Series A,2600000.0,,Electric Light Commercial Vehicle,2021.0,,2018.0,Automotive,New Delhi,Saurav Kumar,"ADB Ventures, Jetty Ventures",
Flathalt,Seed funding,50000.0,"Gurgaon, Haryana, India",FInd your Customized Home here.,2018.0,Undisclosed,2018.0,Others,Gurgaon,,,
CometChat,Series A,10000000.0,,"Voice, video & text chat SDKs, APIs & Plugins for Developers.",2021.0,,2009.0,Computer Software,Mumbai,"Anuj, Anant Garg",Signal Peak Ventures,
Niro,Seed funding,3500000.0,,Embedding personal credit products into leading consumer internet platforms.,2021.0,,2021.0,Financial Services,Bangalore,"Aditya Kumar, Sankalp Mathur",Elevar Equity,
Wimoxez,Seed funding,20000.0,"Hyderabad, Andhra Pradesh, India","Data Intelligence Publishing Platform, We bring the best resources to learn valuable technologies which will shape tomorrow.",2018.0,Undisclosed,2018.0,IT & Technology,Hyderabad,,,
Svish,Seed funding,400000.0,,D2C personal hygiene startup,2021.0,,2020.0,Consumer Goods,Gurugram,"Ishan, Jaideep Mahajan",Nueva,
Whiz League,,300000.0,,Revolutionizing learning experience that goes beyond academia,2021.0,,2020.0,EdTech,New Delhi,"Natasha Jain, Sonia Agarwal Bajaj",ITI Growth Opportunities,
Billdesk,Series A,566999.3634413877,"Ahmedabad, Gujarat, India","BillDesk, a property of IndiaIdeas.com Ltd. was conceived in early 2000 to solve the frustrations of most of us when it comes to paying",2018.0,Undisclosed,2018.0,Financial Services,Ahmedabad,,,
BlackSoil NBFC,,3000000.0,,BlackSoil Capital has transformed into an alternative NBFC and AIF Fund platform with an expertise to finance multiple sectors.,2021.0,,2010.0,FinTech,Mumbai,Mohinder Pal Bansal,,
Kwik Foods,Seed funding,1000000.0,,Kwik Foods is one of the fastest-growing D2C fresh food brands that is disrupting the food industry,2021.0,,2020.0,Food & Beverages,Gurugram,"Prabhleen Kaur, Harshal Patel",9Unicorns,
Porter,Series E,100000000.0,,Porter is India's Largest Marketplace for Intra-City Logistics.,2021.0,,2014.0,Logistics & Supply Chain,Bangalore,"Pranav Goel, Uttam Digga, Vikas Choudhary","Tiger Global, Vitruvian Partners",
Clensta,,600000.0,,A biotechnology start-up was incorporated to improve the National Hygiene condition whilst addressing the aspect of water conservation.,2021.0,,2016.0,BioTechnology,New Delhi,Puneet Gupta,"IAN Fund, World Startup Factory",
True Balance,,30000000.0,,"Balancehero India Private Limited (BHI), the wholly owned subsidiary of Balancehero Co. Ltd., Korea which runs and operates mobile App “True Balance”.",2021.0,,2014.0,Financial Services,Gurugram,Cheolwon Lee,"Northern Arc, Arthmate, Shine Star, E clear, Hinduja",
Whiz League,,300000.0,,Revolutionizing learning experience that goes beyond academia,2021.0,,2020.0,EdTech,New Delhi,"Natasha Jain, Sonia Agarwal Bajaj",ITI Growth Opportunities,
Tessolve,,40000000.0,,"Tessolve Semiconductor offers engineering in semiconductor design, test/product engineering, failure analysis, systems design.",2021.0,,1993.0,Electronics,Bangalore,"P Raja Manickam, Srinivas Chinamilli, Veerappan V",Novo Tellus Capital,
Haqdarshak,Series A,800000.0,,Haqdarshak is a tech platform that connects citizens with their eligible welfare schemes.,2021.0,,2015.0,Finance,Jaipur,"Aniket Doegar, Asha Krishnan, PR Ganapathy","Manish Subramaniam, Upaya Social Ventures",
Park+,Series B,25000000.0,,Building an eco-system for car owners which will be a one-stop solution for all their needs.,2021.0,,2019.0,Tech startup,New Delhi,Amit Lakhotia,"Sequoia Capital, Matrix Partners",
Delhivery,Series I,76000000.0,,Delhivery is a leading logistics and supply chain services company in India.,2021.0,,2011.0,Logistics & Supply Chain,Gurugram,Sahil Barua,Addition,
Aviom Housing Finance,Debt,1000000.0,,AVIOM India is an Affordable Housing Finance company facilitating families in mostly semi urban areas in realising their dream of owning their first home.,2021.0,,2016.0,FinTech,New Delhi,Kajal Ilmi,Gojo & Company,
Vendor Infra,,265000.0,,"A B2B Collaboration Platform for Infrastructure Sectors to Search Vendors, Get Quotes, Find Opportunities",2021.0,,2019.0,Construction,Gurugram,Rahul Jain,"SK Tripathi, Sanjeev Gupta",
Troo Good,Series A,7000000.0,,An FMCG company selling nutritious products at an affordable price points.,2021.0,,2018.0,E-commerce,Hyderabad,Raju Bhupati,OAKS Asset Management,
Ola,,500000000.0,,"Ola is India’s largest mobility platform and one of the world’s largest ride-hailing companies, serving 250+ cities across India, Australia, New Zealand, and the UK",2021.0,,2010.0,Mobility,Bangalore,Bhavish Aggarwal,Marquee international institutional investors,
CARS24,Series F,450000000.0,,"CARS24 is proud to be a tech-first organisation, looking to make inroads into the global auto-tech market in groundbreaking ways.",2021.0,,2015.0,Automotive,Gurugram,"Mehul Agrawal, Vikram Chopra","DST Global, Falcon Edge, SoftBank Vision Fund 2",
Devnagri,Seed funding,600000.0,,"Devnagri is an AI powered human translation platform, working in all 22 Indian languages.",2021.0,,2017.0,Translation & Localization,Noida,"Nakul Kundra, Himanshu Sharma","enture Catalyst, IPV",
Zouk,Seed funding,1000000.0,,100% Vegan bags from India.,2021.0,,2016.0,Fashion and lifestyle,Mumbai,Disha Singh,Titan Capital,
Celcius,Seed funding,1000000.0,,The “ONLINE” Cold Chain network for Reefer trucks and Cold storage facilities.,2021.0,,2020.0,Logistics,Mumbai,"Swarup Bose, Rajneesh Raman, Arbind Jain",Eaglewings Ventures,
Teachmint,Series A,16500000.0,,Teachmint is an online learning platform that focuses on tutor-student connectivity.,2021.0,,2020.0,EdTech,Bangalore,"Anshuman Kumar, Divyansh Bordia, Mihir Gupta, Payoj Jain","Lightspeed India Partners, CM Ventures",
Chtrbox,Seed funding,145999.68172069383,"Mumbai, Maharashtra, India",Chtrbox connects social media influencers with brands .,2018.0,Undisclosed,2018.0,Media & Entertainment,Mumbai,,,
Fantasy Akhada,Series A,2000000.0,,Fantasy Akhada is one of India's fastest growing Fantasy Sports Platform.,2021.0,,2020.0,sports,Gurugram,"Amit Purohit, Sumit Kumar Jha",Prime Securities Limited,
Even,Seed funding,5000000.0,,One monthly subscription to cover all your healthcare needs.,2021.0,,2020.0,Healthcare,Bangalore,"Mayank Banerjee, Matilde Giglio, Alessandro Davide Ialongo",Khosla Ventures,
kWh Bikes,Seed funding,2000000.0,,Building India’s strongest and smartest electric 2 wheelers,2021.0,,2020.0,Automotive,Bangalore,"Siddharth Janghu, Kartik Gupta, Anupriya","Let’s Venture, Better Capital",
AgroStar,Series D,70000000.0,,"AgroStar is one of India’s foremost AgTech start-ups, working on the mission of #HelpingFarmersWin.",2021.0,,2013.0,AgriTech,Pune,"Shardul, Sitanshu Sheth","Evolvence, Hero Enterprise",
Vanity Wagon,Series A,700000.0,,Vanity Wagon is India's first true information oriented clean beauty marketplace.,2021.0,,2018.0,Consumer Goods,New Delhi,"Prateek, Naina Ruhail, Sahil Shreshtha",Inflection Point Ventures,
Codingal,,3500000.0,,Coding education platform for K-12 students,2021.0,,2020.0,EdTech,Bangalore,"Satyam Baranwal, Vivek Prakash","Y Combinator, Rebright Partners",
Loadshare,Series A,5000000.0,"Bengaluru, Karnataka, India",LoadShare is India’s fastest growing logistics company,2018.0,Undisclosed,2018.0,Manufacturing,Bangalore,,,
Homeville,,7000000.0,,A technology company focused on helping people buy their first home with down payment assistance at zero interest cost.,2021.0,,2017.0,Information Technology & Services,Mumbai,Madhusudan Sharma,"9Unicorns, Varanium NexGen Fund",
Printline Media(ThePrint),Seed funding,509538.8892052215,"New Delhi, Delhi, India",A digital news platform.,2018.0,Undisclosed,2018.0,Media & Entertainment,New Delhi,,,
CometChat,Series A,10000000.0,,"Voice, video & text chat SDKs, APIs & Plugins for Developers.",2021.0,,2009.0,Computer Software,Mumbai,"Anuj, Anant Garg",Signal Peak Ventures,
EventBeep,,3500000.0,,An inclusive community where students are inspired and empowered to reach their full potential,2021.0,,2019.0,EdTech,Pune,"Saurabh Mangrulkar, Rakhi Pal, Venkatesh Prasad","SucSEED  Indovation Fund, Uincept, Palimala Ventures",
GTM Buddy,Seed funding,2000000.0,,Just-in-time Sales Enablement Platform,2021.0,,2020.0,Computer Software,Hyderabad,"Sreedhar Peddineni, Santa Thounaojam, Sundar Vellaichamy, Chandramani Tiwary",Stellaris Venture Partners,
Good Health Clinic,,5000000.0,,Full Stack Digital Health Clinic,2021.0,,2021.0,HealthCare,Hyderabad,Samarth Sindhi,Khosla Ventures,
Nobel Hygiene,,60000000.0,,"Nobel Hygiene is one of the leading disposable hygiene care products manufacturer in the country with an ISO 9001:2015 and CE certification, headquartered in Mumbai.",2021.0,,1999.0,HealthCare,Mumbai,Johari Kamal,Quadria Capital,
CoinSwitch Kuber,Series A,15000000.0,,Coinswitch.co is a cryptocurrency exchange aggregator platform.,2021.0,,2017.0,Cryptocurrency,Bangalore,"Ashish Singhal, Govind Soni, Vimal Sagar Tiwari","Ribbit Capital, Kunal Shah",
Neeman,Series A,2000000.0,,India's first Startup to use the world's most revolutionary Natural & Renewable fibers in Footwear,2021.0,,2017.0,Consumer Goods,Hyderabad,Taran Chhabra,Sixth Sense Ventures,
Spry,Seed funding,1500000.0,,THE BEST ROYALTY-FREE MUSIC TO CREATE TRENDING VIDEOS,2021.0,,2021.0,Music,Mumbai,"Gaurav Dagaonkar, Meghna Mittal","9Unicorns, Ashneer Grover",
IndiaLends,,5100000.0,,IndiaLends is a digital lending and borrowing marketplace.,2021.0,,2014.0,FinTech,New Delhi,"Gaurav Chopra, Mayank Kachhwaha","ACPI Investments, AdvantEdge Founders",
Myelin Foundry,Series A,1000000.0,,"Myelin Foundry is a deep tech product start-up transforming human experiences and industry outcomes by building Artificial Intelligence algorithms on video, voice, and sensor data, for consumer edge devices",2021.0,,2019.0,AI startup,Bangalore,"Gopichand Katragadda, Ganesh Suryanarayanan, Aditi Olemann",Beyond Next Ventures,
Wonderchef,,20000000.0,,"Wonderchef Cookware and Appliances is a perfect blend of health, taste, and convenience that inspires us to 'cook with pride'.",2021.0,,2009.0,Consumer Goods,Mumbai,Ravi Saxena,"Sixth Sense Ventures, Godrej Family office, Malpani Group",
Mensa,Series B,135000000.0,,"Mensa scales brands leveraging its expertise in ecommerce, technology, marketing, category management & demand planning.",2021.0,,2021.0,D2C,Bangalore,Ananth Narayanan,"Alpha Wave Ventures, Falcon Edge Capital",
Printline Media(ThePrint),Seed funding,509538.8892052215,"New Delhi, Delhi, India",A digital news platform.,2018.0,Undisclosed,2018.0,Media & Entertainment,New Delhi,,,
Droom,,200000000.0,,"Droom is an AI and data science driven online transactional platform, which offers 21st century experience in buying & selling used & new automobiles in India",2021.0,,2014.0,Automobile,Gurugram,Sandeep Aggarwal,,
Awaaz De,Seed funding,566999.3634413877,"Ahmedabad, Gujarat, India",Awwaz.De develops inclusive mobile solutions that enable organizations to achieve last-mile connectivity for social impact.,2018.0,Undisclosed,2018.0,IT & Technology,Ahmedabad,,,
Furlenco,,100000000.0,,Furlenco is a different furniture company.,2021.0,,2012.0,Consumer Goods,Bangalore,Ajith Mohan Karimpana,Zinnia Global,
Darwinbox,,15000000.0,,Darwinbox is an end-to-end enterprise HR software that enables enterprises to automate entire employee lifecycle in one HR platform.,2021.0,,2015.0,HR Tech,Hyderabad,"Chaitanya Peddi, Jayant Paleti, Rohit Chennamaneni","Sequoia Capital India, 3one4 Capital",
Hypto,Seed funding,3000000.0,,The next generation of web services that democratize access to finance for developers and businesses.,2021.0,,2018.0,Tech startup,Chennai,"Abhishek Rajagopal, Aravind Sriraman, Tholkappiyan Velavan",Stellaris Venture Partners,
The Gourmet Jar,,150000.0,,"The Gourmet Jar offers a range of premium condiments in unique flavour combinations, that are handmade in small batches, from scratch, using all-natural ingredients and no preservatives or additives.",2021.0,,2012.0,Food & Beverages,Noida,Apeksha Jain,DevX Venture Fund,
Signzy,Series A,3503992.3612966524,"Bangalore, Karnataka, India",Signzy are creating 'building blocks for a Digital Trust system.,2018.0,Undisclosed,2018.0,IT & Technology,Bangalore,,,
Licious,Series C,25000000.0,"Bengaluru, Karnataka, India","Licious is an online meat and fish ordering startup that solves existing problem of finding safe, delectable, trustworthy fresh meat.",2018.0,Undisclosed,2018.0,Transportation & Logistics,Bangalore,,,
Zepto,,60000000.0,,Grocery delivery startup,2021.0,,2021.0,E-commerce,Mumbai,"Aadit Palicha, Kaivalya Vohra","Glade Brook Capital, Nexus, Y Combinator",
Bueno Finance,Seed funding,3000000.0,,"Bueno Gig Growth Technologies Pvt Ltd (""Bueno Finance"") is a financial services platform which aims is to help improve the financial health of customers.",2021.0,,2019.0,FinTech,Gurugram,"Saurav Gandhi, Sandeep Arora","Goat Capital, JAM Fund",
HealWell24,Seed funding,200000.0,"Mumbai, Maharashtra, India","HealWell24 is India's emerging technology-empowered healthcare company, aiming to bring world-class quality healthcare services anywhere.",2018.0,Undisclosed,2018.0,Healthcare & Life Sciences,Mumbai,,,
IndiQube,Series A,15000000.0,"Bengaluru, Karnataka, India",IndiQube is a provider of co-working spaces based in Bengaluru.,2018.0,Undisclosed,2018.0,Real Estate,Bangalore,,,
Kinara Capital,,6000000.0,,Kinara Capital is a financing company that provides flexible collateral-free loans to small business entrepreneurs.,2021.0,,2011.0,FinTech,Bangalore,Hardika Shah,"GAWA Capital, Gaja Capital",
dishq,Seed funding,400000.0,"Bengaluru, Karnataka, India",dishq leverages food science and machine learning (AI) to understand and predict people's tastes.,2018.0,Undisclosed,2018.0,Consumer Goods,Bangalore,,,
Chalo,Series C,40000000.0,,India’s #1 bus transport technology company.,2021.0,,2014.0,Mobility,Mumbai,"Vinayak Bhavnani, Mohit Dubey","Lightrock India, Filter Capital",
Qoohoo,Seed funding,800000.0,,A platform for creators to build immersive connections with their fans and followers and monetize them.,2021.0,,2020.0,Social platform,Bangalore,"Vimal Singh Rathore, Aseem Gupta",Angel investors,
GoBumpr,Seed funding,600000.0,"Mylapore, Tamil Nadu, India",Car Service and Bike Service Mobile App,2018.0,Undisclosed,2018.0,Manufacturing,Mylapore,,,
NirogStreet,Seed funding,300000.0,"Gurgaon, Haryana, India",NirogStreet is an Ayurvedic doctor discovery and appointment booking platform where patients can easily find doctors and fix consultation.,2018.0,Undisclosed,2018.0,IT & Technology,Gurgaon,,,
bitsCrunch,Seed funding,700000.0,,A consulting firm focused mainly on Data Analytics and DevOps.,2021.0,,2020.0,Blockchain,Chennai,Saravanan Jaichandaran,"Covalent, Double Peak, GenBlock Capital, Ledger Prime, MEXC Global, Synaps",
Doubtnut,Series B,30000000.0,,"Doubtnut operates as an e-learning platform that enables users to ask study questions in Physics, Chemistry, and Math.",2021.0,,2016.0,EdTech,Gurugram,"Aditya Shankar, Tanushree Nagori","Omidyar Network, Tencent Holdings",
Mamaearth,,37000000.0,,Baby and mother care brand,2021.0,,2016.0,"Health, Wellness & Fitness",Gurugram,"Ghazal, Varun Alagh",Sequoia,
Loop Health,,12000000.0,,India's first health insurance with unlimited primary care for employees.,2021.0,,2018.0,Hospital & Health Care,Pune,"Amrit Singh, Mayank Kale","Elevation, General Catalyst",
Enercomp,,200000.0,,Enercomp Solutions Pvt Ltd provide drone based economically viable solutions for different sectors to improve efficiency and accuracy.,2021.0,,2013.0,Information Technology & Services,Ahmedabad,SURESH SHAHDADPURI,ah! Ventures,
bitsCrunch,Seed funding,700000.0,,A consulting firm focused mainly on Data Analytics and DevOps.,2021.0,,2020.0,Blockchain,Chennai,Saravanan Jaichandaran,"Covalent, Double Peak, GenBlock Capital, Ledger Prime, MEXC Global, Synaps",
SuperOps.ai,Seed funding,3000000.0,,SuperOps.ai is an early stage startup in the MSP space.,2021.0,,2020.0,AI startup,Chennai,"Arvind Parthiban, Jayakumar Karumbasalam","Ramakant Sharma, Elevation Capital",
Comofi Medtech,,200000.0,,"Comofi Medtech develops healthcare products using artificial intelligence, augmented reality and IoT technologies",2021.0,,2017.0,HeathTech,Bangalore,"Satish Kalme, Kubasad Gururaj",CIIE.CO,
Sqrrl Fintech,Seed funding,1000000.0,"Gurgaon, Haryana, India",Personal Finance,2018.0,Undisclosed,2018.0,IT & Technology,Gurgaon,,,
